,title,title_detail,links,link,id,guidislink,published,published_parsed,summary,summary_detail,source,sub_articles
0,Sweden's north frets over financial risks as green boom stumbles - Reuters,"{'type': 'text/plain', 'language': None, 'base': '', 'value': ""Sweden's north frets over financial risks as green boom stumbles - Reuters""}","[{'rel': 'alternate', 'type': 'text/html', 'href': 'https://news.google.com/rss/articles/CBMisAFBVV95cUxQUnp6Q3JVNllHbkV0VE9RcUhkN0E2cWs0bnpXMHVVSWhlYWp4MXJiNlE1Q1B3Sk40azFJcGlhd0JBaVBGdHNVX1JQZmJFb1M0bVZabm5DMi0zaUlvdkt0Y2pfNll2bUkzdGdhd1EwSUJRV21iN1ZCdnJxVEVCdmhsTjBUTXBUb0lJMlpUdzVQTnk3LUNTd1dDNmZRdUNwTS1yVWM2OFBYa19pYmZBS2h6cQ?oc=5'}]",https://news.google.com/rss/articles/CBMisAFBVV95cUxQUnp6Q3JVNllHbkV0VE9RcUhkN0E2cWs0bnpXMHVVSWhlYWp4MXJiNlE1Q1B3Sk40azFJcGlhd0JBaVBGdHNVX1JQZmJFb1M0bVZabm5DMi0zaUlvdkt0Y2pfNll2bUkzdGdhd1EwSUJRV21iN1ZCdnJxVEVCdmhsTjBUTXBUb0lJMlpUdzVQTnk3LUNTd1dDNmZRdUNwTS1yVWM2OFBYa19pYmZBS2h6cQ?oc=5,CBMisAFBVV95cUxQUnp6Q3JVNllHbkV0VE9RcUhkN0E2cWs0bnpXMHVVSWhlYWp4MXJiNlE1Q1B3Sk40azFJcGlhd0JBaVBGdHNVX1JQZmJFb1M0bVZabm5DMi0zaUlvdkt0Y2pfNll2bUkzdGdhd1EwSUJRV21iN1ZCdnJxVEVCdmhsTjBUTXBUb0lJMlpUdzVQTnk3LUNTd1dDNmZRdUNwTS1yVWM2OFBYa19pYmZBS2h6cQ,False,"Wed, 18 Dec 2024 17:27:01 GMT","time.struct_time(tm_year=2024, tm_mon=12, tm_mday=18, tm_hour=17, tm_min=27, tm_sec=1, tm_wday=2, tm_yday=353, tm_isdst=0)","<a href=""https://news.google.com/rss/articles/CBMisAFBVV95cUxQUnp6Q3JVNllHbkV0VE9RcUhkN0E2cWs0bnpXMHVVSWhlYWp4MXJiNlE1Q1B3Sk40azFJcGlhd0JBaVBGdHNVX1JQZmJFb1M0bVZabm5DMi0zaUlvdkt0Y2pfNll2bUkzdGdhd1EwSUJRV21iN1ZCdnJxVEVCdmhsTjBUTXBUb0lJMlpUdzVQTnk3LUNTd1dDNmZRdUNwTS1yVWM2OFBYa19pYmZBS2h6cQ?oc=5"" target=""_blank"">Sweden's north frets over financial risks as green boom stumbles</a>&nbsp;&nbsp;<font color=""#6f6f6f"">Reuters</font>","{'type': 'text/html', 'language': None, 'base': '', 'value': '<a href=""https://news.google.com/rss/articles/CBMisAFBVV95cUxQUnp6Q3JVNllHbkV0VE9RcUhkN0E2cWs0bnpXMHVVSWhlYWp4MXJiNlE1Q1B3Sk40azFJcGlhd0JBaVBGdHNVX1JQZmJFb1M0bVZabm5DMi0zaUlvdkt0Y2pfNll2bUkzdGdhd1EwSUJRV21iN1ZCdnJxVEVCdmhsTjBUTXBUb0lJMlpUdzVQTnk3LUNTd1dDNmZRdUNwTS1yVWM2OFBYa19pYmZBS2h6cQ?oc=5"" target=""_blank"">Sweden\'s north frets over financial risks as green boom stumbles</a>&nbsp;&nbsp;<font color=""#6f6f6f"">Reuters</font>'}","{'href': 'https://www.reuters.com', 'title': 'Reuters'}",[]
1,Klarna Tells Employees It Will Start Drug Testing Workers in Sweden - Business Insider,"{'type': 'text/plain', 'language': None, 'base': '', 'value': 'Klarna Tells Employees It Will Start Drug Testing Workers in Sweden - Business Insider'}","[{'rel': 'alternate', 'type': 'text/html', 'href': 'https://news.google.com/rss/articles/CBMijwFBVV95cUxNemNOUkdYSS1jMGh2c2VpWHBRRTlxeElNeFFNSGV3ZnVEazBZenpzT3BpaDlJQlJqQk1fTDFQUUpOckJLbnlfMG4zVk5QNzM2a1hZa200dDZpZDBUS3RkbkVrbE13MnRiSHQ2U0ZKYkZnb2RWakRBb0ZrRWNoa3VlbVN6MEpETjZkRnRxaG94MA?oc=5'}]",https://news.google.com/rss/articles/CBMijwFBVV95cUxNemNOUkdYSS1jMGh2c2VpWHBRRTlxeElNeFFNSGV3ZnVEazBZenpzT3BpaDlJQlJqQk1fTDFQUUpOckJLbnlfMG4zVk5QNzM2a1hZa200dDZpZDBUS3RkbkVrbE13MnRiSHQ2U0ZKYkZnb2RWakRBb0ZrRWNoa3VlbVN6MEpETjZkRnRxaG94MA?oc=5,CBMijwFBVV95cUxNemNOUkdYSS1jMGh2c2VpWHBRRTlxeElNeFFNSGV3ZnVEazBZenpzT3BpaDlJQlJqQk1fTDFQUUpOckJLbnlfMG4zVk5QNzM2a1hZa200dDZpZDBUS3RkbkVrbE13MnRiSHQ2U0ZKYkZnb2RWakRBb0ZrRWNoa3VlbVN6MEpETjZkRnRxaG94MA,False,"Mon, 16 Dec 2024 17:51:00 GMT","time.struct_time(tm_year=2024, tm_mon=12, tm_mday=16, tm_hour=17, tm_min=51, tm_sec=0, tm_wday=0, tm_yday=351, tm_isdst=0)","<a href=""https://news.google.com/rss/articles/CBMijwFBVV95cUxNemNOUkdYSS1jMGh2c2VpWHBRRTlxeElNeFFNSGV3ZnVEazBZenpzT3BpaDlJQlJqQk1fTDFQUUpOckJLbnlfMG4zVk5QNzM2a1hZa200dDZpZDBUS3RkbkVrbE13MnRiSHQ2U0ZKYkZnb2RWakRBb0ZrRWNoa3VlbVN6MEpETjZkRnRxaG94MA?oc=5"" target=""_blank"">Klarna Tells Employees It Will Start Drug Testing Workers in Sweden</a>&nbsp;&nbsp;<font color=""#6f6f6f"">Business Insider</font>","{'type': 'text/html', 'language': None, 'base': '', 'value': '<a href=""https://news.google.com/rss/articles/CBMijwFBVV95cUxNemNOUkdYSS1jMGh2c2VpWHBRRTlxeElNeFFNSGV3ZnVEazBZenpzT3BpaDlJQlJqQk1fTDFQUUpOckJLbnlfMG4zVk5QNzM2a1hZa200dDZpZDBUS3RkbkVrbE13MnRiSHQ2U0ZKYkZnb2RWakRBb0ZrRWNoa3VlbVN6MEpETjZkRnRxaG94MA?oc=5"" target=""_blank"">Klarna Tells Employees It Will Start Drug Testing Workers in Sweden</a>&nbsp;&nbsp;<font color=""#6f6f6f"">Business Insider</font>'}","{'href': 'https://www.businessinsider.com', 'title': 'Business Insider'}",[]
2,Sweden's finance ministry cuts economic growth forecast through 2026 - Investing.com,"{'type': 'text/plain', 'language': None, 'base': '', 'value': ""Sweden's finance ministry cuts economic growth forecast through 2026 - Investing.com""}","[{'rel': 'alternate', 'type': 'text/html', 'href': 'https://news.google.com/rss/articles/CBMiwgFBVV95cUxNMHNCcTJZNDVhYkdQRmpiWjdqY3hsTmwwbkhtYk5jUlFMc1BPUXB6MGkybHItbGYyOVV5NXl1OGp2YV9MUWo5Y0UtY3ViWlJIbU1LVnp2WXEwdmI0Y25rX002SEtZY2RKejRMR2pfOEZuQWN6MGliUmJSUnpaZVZNUklReVJqT2lxYkphMGtxTU9JdnVySkpaYVVvRmU0NHowNHhGaFJON0hPc0FvMURZSEoyai1LaVJscFdacnRZRVhYUQ?oc=5'}]",https://news.google.com/rss/articles/CBMiwgFBVV95cUxNMHNCcTJZNDVhYkdQRmpiWjdqY3hsTmwwbkhtYk5jUlFMc1BPUXB6MGkybHItbGYyOVV5NXl1OGp2YV9MUWo5Y0UtY3ViWlJIbU1LVnp2WXEwdmI0Y25rX002SEtZY2RKejRMR2pfOEZuQWN6MGliUmJSUnpaZVZNUklReVJqT2lxYkphMGtxTU9JdnVySkpaYVVvRmU0NHowNHhGaFJON0hPc0FvMURZSEoyai1LaVJscFdacnRZRVhYUQ?oc=5,CBMiwgFBVV95cUxNMHNCcTJZNDVhYkdQRmpiWjdqY3hsTmwwbkhtYk5jUlFMc1BPUXB6MGkybHItbGYyOVV5NXl1OGp2YV9MUWo5Y0UtY3ViWlJIbU1LVnp2WXEwdmI0Y25rX002SEtZY2RKejRMR2pfOEZuQWN6MGliUmJSUnpaZVZNUklReVJqT2lxYkphMGtxTU9JdnVySkpaYVVvRmU0NHowNHhGaFJON0hPc0FvMURZSEoyai1LaVJscFdacnRZRVhYUQ,False,"Wed, 18 Dec 2024 11:49:45 GMT","time.struct_time(tm_year=2024, tm_mon=12, tm_mday=18, tm_hour=11, tm_min=49, tm_sec=45, tm_wday=2, tm_yday=353, tm_isdst=0)","<a href=""https://news.google.com/rss/articles/CBMiwgFBVV95cUxNMHNCcTJZNDVhYkdQRmpiWjdqY3hsTmwwbkhtYk5jUlFMc1BPUXB6MGkybHItbGYyOVV5NXl1OGp2YV9MUWo5Y0UtY3ViWlJIbU1LVnp2WXEwdmI0Y25rX002SEtZY2RKejRMR2pfOEZuQWN6MGliUmJSUnpaZVZNUklReVJqT2lxYkphMGtxTU9JdnVySkpaYVVvRmU0NHowNHhGaFJON0hPc0FvMURZSEoyai1LaVJscFdacnRZRVhYUQ?oc=5"" target=""_blank"">Sweden's finance ministry cuts economic growth forecast through 2026</a>&nbsp;&nbsp;<font color=""#6f6f6f"">Investing.com</font>","{'type': 'text/html', 'language': None, 'base': '', 'value': '<a href=""https://news.google.com/rss/articles/CBMiwgFBVV95cUxNMHNCcTJZNDVhYkdQRmpiWjdqY3hsTmwwbkhtYk5jUlFMc1BPUXB6MGkybHItbGYyOVV5NXl1OGp2YV9MUWo5Y0UtY3ViWlJIbU1LVnp2WXEwdmI0Y25rX002SEtZY2RKejRMR2pfOEZuQWN6MGliUmJSUnpaZVZNUklReVJqT2lxYkphMGtxTU9JdnVySkpaYVVvRmU0NHowNHhGaFJON0hPc0FvMURZSEoyai1LaVJscFdacnRZRVhYUQ?oc=5"" target=""_blank"">Sweden\'s finance ministry cuts economic growth forecast through 2026</a>&nbsp;&nbsp;<font color=""#6f6f6f"">Investing.com</font>'}","{'href': 'https://www.investing.com', 'title': 'Investing.com'}",[]
3,"Sweden open to power cable project if Germany reforms, minister says - Financial Times","{'type': 'text/plain', 'language': None, 'base': '', 'value': 'Sweden open to power cable project if Germany reforms, minister says - Financial Times'}","[{'rel': 'alternate', 'type': 'text/html', 'href': 'https://news.google.com/rss/articles/CBMicEFVX3lxTE5qRF81VlNkckN4cVJhSU5LN3FmMS1GUThDdFBMVjhWMGpVVW54d1dDT01BU3JCdU1kcmloSzBkMXlsTUpSc25PanhvbzRZVVVVYkxZWUZ3OXBuUklmU0EyRFM2Ql9iTHgxZXdIaUhNV20?oc=5'}]",https://news.google.com/rss/articles/CBMicEFVX3lxTE5qRF81VlNkckN4cVJhSU5LN3FmMS1GUThDdFBMVjhWMGpVVW54d1dDT01BU3JCdU1kcmloSzBkMXlsTUpSc25PanhvbzRZVVVVYkxZWUZ3OXBuUklmU0EyRFM2Ql9iTHgxZXdIaUhNV20?oc=5,CBMicEFVX3lxTE5qRF81VlNkckN4cVJhSU5LN3FmMS1GUThDdFBMVjhWMGpVVW54d1dDT01BU3JCdU1kcmloSzBkMXlsTUpSc25PanhvbzRZVVVVYkxZWUZ3OXBuUklmU0EyRFM2Ql9iTHgxZXdIaUhNV20,False,"Tue, 17 Dec 2024 05:01:28 GMT","time.struct_time(tm_year=2024, tm_mon=12, tm_mday=17, tm_hour=5, tm_min=1, tm_sec=28, tm_wday=1, tm_yday=352, tm_isdst=0)","<a href=""https://news.google.com/rss/articles/CBMicEFVX3lxTE5qRF81VlNkckN4cVJhSU5LN3FmMS1GUThDdFBMVjhWMGpVVW54d1dDT01BU3JCdU1kcmloSzBkMXlsTUpSc25PanhvbzRZVVVVYkxZWUZ3OXBuUklmU0EyRFM2Ql9iTHgxZXdIaUhNV20?oc=5"" target=""_blank"">Sweden open to power cable project if Germany reforms, minister says</a>&nbsp;&nbsp;<font color=""#6f6f6f"">Financial Times</font>","{'type': 'text/html', 'language': None, 'base': '', 'value': '<a href=""https://news.google.com/rss/articles/CBMicEFVX3lxTE5qRF81VlNkckN4cVJhSU5LN3FmMS1GUThDdFBMVjhWMGpVVW54d1dDT01BU3JCdU1kcmloSzBkMXlsTUpSc25PanhvbzRZVVVVYkxZWUZ3OXBuUklmU0EyRFM2Ql9iTHgxZXdIaUhNV20?oc=5"" target=""_blank"">Sweden open to power cable project if Germany reforms, minister says</a>&nbsp;&nbsp;<font color=""#6f6f6f"">Financial Times</font>'}","{'href': 'https://www.ft.com', 'title': 'Financial Times'}",[]
4,Swedish Government Cuts Growth View as Economic Woes Linger - Bloomberg,"{'type': 'text/plain', 'language': None, 'base': '', 'value': 'Swedish Government Cuts Growth View as Economic Woes Linger - Bloomberg'}","[{'rel': 'alternate', 'type': 'text/html', 'href': 'https://news.google.com/rss/articles/CBMirwFBVV95cUxQRWVlNFB0MGdlSEJ2aGtuSlFLdVl0cTJ5TmkxdW5TanZMLXBPaExNdy1SSkY3ZzlmY19LU1dkdzVRSXdqME41TVl0Z0F5UElMT1BZbkV1TXhUU3N5SXZWYkZMOEZJdmROdG1yZEtuZTFORHlEdjlrdUdJQ2tWc3otT0QxNHBJZWlBTEt1NHRDcklDcExEOE45UXU4ejNyNzkzVS1KU1dkSWljY1l1Z0Uw?oc=5'}]",https://news.google.com/rss/articles/CBMirwFBVV95cUxQRWVlNFB0MGdlSEJ2aGtuSlFLdVl0cTJ5TmkxdW5TanZMLXBPaExNdy1SSkY3ZzlmY19LU1dkdzVRSXdqME41TVl0Z0F5UElMT1BZbkV1TXhUU3N5SXZWYkZMOEZJdmROdG1yZEtuZTFORHlEdjlrdUdJQ2tWc3otT0QxNHBJZWlBTEt1NHRDcklDcExEOE45UXU4ejNyNzkzVS1KU1dkSWljY1l1Z0Uw?oc=5,CBMirwFBVV95cUxQRWVlNFB0MGdlSEJ2aGtuSlFLdVl0cTJ5TmkxdW5TanZMLXBPaExNdy1SSkY3ZzlmY19LU1dkdzVRSXdqME41TVl0Z0F5UElMT1BZbkV1TXhUU3N5SXZWYkZMOEZJdmROdG1yZEtuZTFORHlEdjlrdUdJQ2tWc3otT0QxNHBJZWlBTEt1NHRDcklDcExEOE45UXU4ejNyNzkzVS1KU1dkSWljY1l1Z0Uw,False,"Wed, 18 Dec 2024 11:10:05 GMT","time.struct_time(tm_year=2024, tm_mon=12, tm_mday=18, tm_hour=11, tm_min=10, tm_sec=5, tm_wday=2, tm_yday=353, tm_isdst=0)","<a href=""https://news.google.com/rss/articles/CBMirwFBVV95cUxQRWVlNFB0MGdlSEJ2aGtuSlFLdVl0cTJ5TmkxdW5TanZMLXBPaExNdy1SSkY3ZzlmY19LU1dkdzVRSXdqME41TVl0Z0F5UElMT1BZbkV1TXhUU3N5SXZWYkZMOEZJdmROdG1yZEtuZTFORHlEdjlrdUdJQ2tWc3otT0QxNHBJZWlBTEt1NHRDcklDcExEOE45UXU4ejNyNzkzVS1KU1dkSWljY1l1Z0Uw?oc=5"" target=""_blank"">Swedish Government Cuts Growth View as Economic Woes Linger</a>&nbsp;&nbsp;<font color=""#6f6f6f"">Bloomberg</font>","{'type': 'text/html', 'language': None, 'base': '', 'value': '<a href=""https://news.google.com/rss/articles/CBMirwFBVV95cUxQRWVlNFB0MGdlSEJ2aGtuSlFLdVl0cTJ5TmkxdW5TanZMLXBPaExNdy1SSkY3ZzlmY19LU1dkdzVRSXdqME41TVl0Z0F5UElMT1BZbkV1TXhUU3N5SXZWYkZMOEZJdmROdG1yZEtuZTFORHlEdjlrdUdJQ2tWc3otT0QxNHBJZWlBTEt1NHRDcklDcExEOE45UXU4ejNyNzkzVS1KU1dkSWljY1l1Z0Uw?oc=5"" target=""_blank"">Swedish Government Cuts Growth View as Economic Woes Linger</a>&nbsp;&nbsp;<font color=""#6f6f6f"">Bloomberg</font>'}","{'href': 'https://www.bloomberg.com', 'title': 'Bloomberg'}",[]
5,"Swedish central bank cuts policy rate, cautious on easing in 2025 - Global Banking And Finance Review","{'type': 'text/plain', 'language': None, 'base': '', 'value': 'Swedish central bank cuts policy rate, cautious on easing in 2025 - Global Banking And Finance Review'}","[{'rel': 'alternate', 'type': 'text/html', 'href': 'https://news.google.com/rss/articles/CBMiqAFBVV95cUxPcnBtcjZyUEl3ZUhtYmloLUw3aVZjVm1GLVk3a3I3M1Bhd0ZMNWtaOS1zdmNLc1Y0QVZaSmNycUVhbjF4N3lILWo1QlRfV24yaG5mcS1DcldqTEFWbnBWanRncDdUTUpuOTVjQVh4dDhIWlRFdEk5V1pacmFoRnZMQ194Y1B0TVJDVElfemhuUVFMY1Q4dktpRGwxZG5vcnFrR2hqaExnZWs?oc=5'}]",https://news.google.com/rss/articles/CBMiqAFBVV95cUxPcnBtcjZyUEl3ZUhtYmloLUw3aVZjVm1GLVk3a3I3M1Bhd0ZMNWtaOS1zdmNLc1Y0QVZaSmNycUVhbjF4N3lILWo1QlRfV24yaG5mcS1DcldqTEFWbnBWanRncDdUTUpuOTVjQVh4dDhIWlRFdEk5V1pacmFoRnZMQ194Y1B0TVJDVElfemhuUVFMY1Q4dktpRGwxZG5vcnFrR2hqaExnZWs?oc=5,CBMiqAFBVV95cUxPcnBtcjZyUEl3ZUhtYmloLUw3aVZjVm1GLVk3a3I3M1Bhd0ZMNWtaOS1zdmNLc1Y0QVZaSmNycUVhbjF4N3lILWo1QlRfV24yaG5mcS1DcldqTEFWbnBWanRncDdUTUpuOTVjQVh4dDhIWlRFdEk5V1pacmFoRnZMQ194Y1B0TVJDVElfemhuUVFMY1Q4dktpRGwxZG5vcnFrR2hqaExnZWs,False,"Thu, 19 Dec 2024 11:50:47 GMT","time.struct_time(tm_year=2024, tm_mon=12, tm_mday=19, tm_hour=11, tm_min=50, tm_sec=47, tm_wday=3, tm_yday=354, tm_isdst=0)","<a href=""https://news.google.com/rss/articles/CBMiqAFBVV95cUxPcnBtcjZyUEl3ZUhtYmloLUw3aVZjVm1GLVk3a3I3M1Bhd0ZMNWtaOS1zdmNLc1Y0QVZaSmNycUVhbjF4N3lILWo1QlRfV24yaG5mcS1DcldqTEFWbnBWanRncDdUTUpuOTVjQVh4dDhIWlRFdEk5V1pacmFoRnZMQ194Y1B0TVJDVElfemhuUVFMY1Q4dktpRGwxZG5vcnFrR2hqaExnZWs?oc=5"" target=""_blank"">Swedish central bank cuts policy rate, cautious on easing in 2025</a>&nbsp;&nbsp;<font color=""#6f6f6f"">Global Banking And Finance Review</font>","{'type': 'text/html', 'language': None, 'base': '', 'value': '<a href=""https://news.google.com/rss/articles/CBMiqAFBVV95cUxPcnBtcjZyUEl3ZUhtYmloLUw3aVZjVm1GLVk3a3I3M1Bhd0ZMNWtaOS1zdmNLc1Y0QVZaSmNycUVhbjF4N3lILWo1QlRfV24yaG5mcS1DcldqTEFWbnBWanRncDdUTUpuOTVjQVh4dDhIWlRFdEk5V1pacmFoRnZMQ194Y1B0TVJDVElfemhuUVFMY1Q4dktpRGwxZG5vcnFrR2hqaExnZWs?oc=5"" target=""_blank"">Swedish central bank cuts policy rate, cautious on easing in 2025</a>&nbsp;&nbsp;<font color=""#6f6f6f"">Global Banking And Finance Review</font>'}","{'href': 'https://www.globalbankingandfinance.com', 'title': 'Global Banking And Finance Review'}",[]
6,Klarna tells employees it will start drug testing workers in Sweden - AOL,"{'type': 'text/plain', 'language': None, 'base': '', 'value': 'Klarna tells employees it will start drug testing workers in Sweden - AOL'}","[{'rel': 'alternate', 'type': 'text/html', 'href': 'https://news.google.com/rss/articles/CBMid0FVX3lxTE5pc3FmMzVFREdyejhjNHRhTlUzTzIyVHlDME5JejFweVFGTVZ2YmVHdEJNSERlTFZOdG1jdFpRNmlDSTVRNFVQQnpGMXJqTGpLbDRxTG91UjJKRVVubEVWQ3d6dDZhTGhKWUVRV3NNem82UHJBbzFZ?oc=5'}]",https://news.google.com/rss/articles/CBMid0FVX3lxTE5pc3FmMzVFREdyejhjNHRhTlUzTzIyVHlDME5JejFweVFGTVZ2YmVHdEJNSERlTFZOdG1jdFpRNmlDSTVRNFVQQnpGMXJqTGpLbDRxTG91UjJKRVVubEVWQ3d6dDZhTGhKWUVRV3NNem82UHJBbzFZ?oc=5,CBMid0FVX3lxTE5pc3FmMzVFREdyejhjNHRhTlUzTzIyVHlDME5JejFweVFGTVZ2YmVHdEJNSERlTFZOdG1jdFpRNmlDSTVRNFVQQnpGMXJqTGpLbDRxTG91UjJKRVVubEVWQ3d6dDZhTGhKWUVRV3NNem82UHJBbzFZ,False,"Mon, 16 Dec 2024 17:51:02 GMT","time.struct_time(tm_year=2024, tm_mon=12, tm_mday=16, tm_hour=17, tm_min=51, tm_sec=2, tm_wday=0, tm_yday=351, tm_isdst=0)","<a href=""https://news.google.com/rss/articles/CBMid0FVX3lxTE5pc3FmMzVFREdyejhjNHRhTlUzTzIyVHlDME5JejFweVFGTVZ2YmVHdEJNSERlTFZOdG1jdFpRNmlDSTVRNFVQQnpGMXJqTGpLbDRxTG91UjJKRVVubEVWQ3d6dDZhTGhKWUVRV3NNem82UHJBbzFZ?oc=5"" target=""_blank"">Klarna tells employees it will start drug testing workers in Sweden</a>&nbsp;&nbsp;<font color=""#6f6f6f"">AOL</font>","{'type': 'text/html', 'language': None, 'base': '', 'value': '<a href=""https://news.google.com/rss/articles/CBMid0FVX3lxTE5pc3FmMzVFREdyejhjNHRhTlUzTzIyVHlDME5JejFweVFGTVZ2YmVHdEJNSERlTFZOdG1jdFpRNmlDSTVRNFVQQnpGMXJqTGpLbDRxTG91UjJKRVVubEVWQ3d6dDZhTGhKWUVRV3NNem82UHJBbzFZ?oc=5"" target=""_blank"">Klarna tells employees it will start drug testing workers in Sweden</a>&nbsp;&nbsp;<font color=""#6f6f6f"">AOL</font>'}","{'href': 'https://www.aol.com', 'title': 'AOL'}",[]
7,Telenor Sweden Appoints Jonas Edén as CEO for 2025 - CEOWORLD magazine,"{'type': 'text/plain', 'language': None, 'base': '', 'value': 'Telenor Sweden Appoints Jonas Edén as CEO for 2025 - CEOWORLD magazine'}","[{'rel': 'alternate', 'type': 'text/html', 'href': 'https://news.google.com/rss/articles/CBMiiwFBVV95cUxOU1pDRk5pTHBfU2ZEWFQtanlNX19GLV9nOVZCUDUwbllVcG9ZcndBZmVhSGkwNVdDc211cHlNa0NJbE9HUElRdEtjMkpJd21tdGhtdnh5YzhLcEwwYjdxR3lHbjFDT3NHVUN6R2diSWVjYnZCQ1dFU3BJblFSRTdra3VIQWd5elpUVl9r?oc=5'}]",https://news.google.com/rss/articles/CBMiiwFBVV95cUxOU1pDRk5pTHBfU2ZEWFQtanlNX19GLV9nOVZCUDUwbllVcG9ZcndBZmVhSGkwNVdDc211cHlNa0NJbE9HUElRdEtjMkpJd21tdGhtdnh5YzhLcEwwYjdxR3lHbjFDT3NHVUN6R2diSWVjYnZCQ1dFU3BJblFSRTdra3VIQWd5elpUVl9r?oc=5,CBMiiwFBVV95cUxOU1pDRk5pTHBfU2ZEWFQtanlNX19GLV9nOVZCUDUwbllVcG9ZcndBZmVhSGkwNVdDc211cHlNa0NJbE9HUElRdEtjMkpJd21tdGhtdnh5YzhLcEwwYjdxR3lHbjFDT3NHVUN6R2diSWVjYnZCQ1dFU3BJblFSRTdra3VIQWd5elpUVl9r,False,"Wed, 18 Dec 2024 13:39:26 GMT","time.struct_time(tm_year=2024, tm_mon=12, tm_mday=18, tm_hour=13, tm_min=39, tm_sec=26, tm_wday=2, tm_yday=353, tm_isdst=0)","<a href=""https://news.google.com/rss/articles/CBMiiwFBVV95cUxOU1pDRk5pTHBfU2ZEWFQtanlNX19GLV9nOVZCUDUwbllVcG9ZcndBZmVhSGkwNVdDc211cHlNa0NJbE9HUElRdEtjMkpJd21tdGhtdnh5YzhLcEwwYjdxR3lHbjFDT3NHVUN6R2diSWVjYnZCQ1dFU3BJblFSRTdra3VIQWd5elpUVl9r?oc=5"" target=""_blank"">Telenor Sweden Appoints Jonas Edén as CEO for 2025</a>&nbsp;&nbsp;<font color=""#6f6f6f"">CEOWORLD magazine</font>","{'type': 'text/html', 'language': None, 'base': '', 'value': '<a href=""https://news.google.com/rss/articles/CBMiiwFBVV95cUxOU1pDRk5pTHBfU2ZEWFQtanlNX19GLV9nOVZCUDUwbllVcG9ZcndBZmVhSGkwNVdDc211cHlNa0NJbE9HUElRdEtjMkpJd21tdGhtdnh5YzhLcEwwYjdxR3lHbjFDT3NHVUN6R2diSWVjYnZCQ1dFU3BJblFSRTdra3VIQWd5elpUVl9r?oc=5"" target=""_blank"">Telenor Sweden Appoints Jonas Edén as CEO for 2025</a>&nbsp;&nbsp;<font color=""#6f6f6f"">CEOWORLD magazine</font>'}","{'href': 'https://ceoworld.biz', 'title': 'CEOWORLD magazine'}",[]
8,Mynt: Sweden-Based Fintech Company Raises €22 Million (Series B) At About €175 Million Valuation - Pulse 2.0,"{'type': 'text/plain', 'language': None, 'base': '', 'value': 'Mynt: Sweden-Based Fintech Company Raises €22 Million (Series B) At About €175 Million Valuation - Pulse 2.0'}","[{'rel': 'alternate', 'type': 'text/html', 'href': 'https://news.google.com/rss/articles/CBMiswFBVV95cUxNaEJ6OGw4d0g0NW5rTktUR1JzVmIzREZ5RzBLMFg3YVJfRUthY3dHT016MGx0Wmszb0syLV9NcnI5SjJRUFYzSlNJbEF6YWFMdW1VT3FtQ2M5ajlWcGxqSVRnbGFUaVZSc29ucG9kYlVwN2pYSXljTUdmS2lwdE9FQ0dHNHI0TXRmX1hyT00zMHZmWWd6bkhnZzZ1MzRKd0NHQ3djZ29nc2NfMC16UlB1WUxsRdIBuAFBVV95cUxOU0RBQlZ0T204bXRxRGI5LVJvNWNKNG9iVnFNQ2pzUW9DVm1XTHpRTmtLRTZtbDBkX3lrUFQyUXh4N2NkT1BsZDBGSXNNZlB4b0dwaHBTTHNmOWZOUS1VMGJHU1lPZHpkOWpLVmlRSkZic3ZRS0tuU1hhSGFZWV9sVkVRb1BPUmRMSkROb0RPeVRuOERPZ1hITXdZWmkzVHNBWWpoLWxCNThxTUQ2ZDYtS2dvUVd6Z2Ny?oc=5'}]",https://news.google.com/rss/articles/CBMiswFBVV95cUxNaEJ6OGw4d0g0NW5rTktUR1JzVmIzREZ5RzBLMFg3YVJfRUthY3dHT016MGx0Wmszb0syLV9NcnI5SjJRUFYzSlNJbEF6YWFMdW1VT3FtQ2M5ajlWcGxqSVRnbGFUaVZSc29ucG9kYlVwN2pYSXljTUdmS2lwdE9FQ0dHNHI0TXRmX1hyT00zMHZmWWd6bkhnZzZ1MzRKd0NHQ3djZ29nc2NfMC16UlB1WUxsRdIBuAFBVV95cUxOU0RBQlZ0T204bXRxRGI5LVJvNWNKNG9iVnFNQ2pzUW9DVm1XTHpRTmtLRTZtbDBkX3lrUFQyUXh4N2NkT1BsZDBGSXNNZlB4b0dwaHBTTHNmOWZOUS1VMGJHU1lPZHpkOWpLVmlRSkZic3ZRS0tuU1hhSGFZWV9sVkVRb1BPUmRMSkROb0RPeVRuOERPZ1hITXdZWmkzVHNBWWpoLWxCNThxTUQ2ZDYtS2dvUVd6Z2Ny?oc=5,CBMiswFBVV95cUxNaEJ6OGw4d0g0NW5rTktUR1JzVmIzREZ5RzBLMFg3YVJfRUthY3dHT016MGx0Wmszb0syLV9NcnI5SjJRUFYzSlNJbEF6YWFMdW1VT3FtQ2M5ajlWcGxqSVRnbGFUaVZSc29ucG9kYlVwN2pYSXljTUdmS2lwdE9FQ0dHNHI0TXRmX1hyT00zMHZmWWd6bkhnZzZ1MzRKd0NHQ3djZ29nc2NfMC16UlB1WUxsRdIBuAFBVV95cUxOU0RBQlZ0T204bXRxRGI5LVJvNWNKNG9iVnFNQ2pzUW9DVm1XTHpRTmtLRTZtbDBkX3lrUFQyUXh4N2NkT1BsZDBGSXNNZlB4b0dwaHBTTHNmOWZOUS1VMGJHU1lPZHpkOWpLVmlRSkZic3ZRS0tuU1hhSGFZWV9sVkVRb1BPUmRMSkROb0RPeVRuOERPZ1hITXdZWmkzVHNBWWpoLWxCNThxTUQ2ZDYtS2dvUVd6Z2Ny,False,"Thu, 19 Dec 2024 02:09:22 GMT","time.struct_time(tm_year=2024, tm_mon=12, tm_mday=19, tm_hour=2, tm_min=9, tm_sec=22, tm_wday=3, tm_yday=354, tm_isdst=0)","<a href=""https://news.google.com/rss/articles/CBMiswFBVV95cUxNaEJ6OGw4d0g0NW5rTktUR1JzVmIzREZ5RzBLMFg3YVJfRUthY3dHT016MGx0Wmszb0syLV9NcnI5SjJRUFYzSlNJbEF6YWFMdW1VT3FtQ2M5ajlWcGxqSVRnbGFUaVZSc29ucG9kYlVwN2pYSXljTUdmS2lwdE9FQ0dHNHI0TXRmX1hyT00zMHZmWWd6bkhnZzZ1MzRKd0NHQ3djZ29nc2NfMC16UlB1WUxsRdIBuAFBVV95cUxOU0RBQlZ0T204bXRxRGI5LVJvNWNKNG9iVnFNQ2pzUW9DVm1XTHpRTmtLRTZtbDBkX3lrUFQyUXh4N2NkT1BsZDBGSXNNZlB4b0dwaHBTTHNmOWZOUS1VMGJHU1lPZHpkOWpLVmlRSkZic3ZRS0tuU1hhSGFZWV9sVkVRb1BPUmRMSkROb0RPeVRuOERPZ1hITXdZWmkzVHNBWWpoLWxCNThxTUQ2ZDYtS2dvUVd6Z2Ny?oc=5"" target=""_blank"">Mynt: Sweden-Based Fintech Company Raises €22 Million (Series B) At About €175 Million Valuation</a>&nbsp;&nbsp;<font color=""#6f6f6f"">Pulse 2.0</font>","{'type': 'text/html', 'language': None, 'base': '', 'value': '<a href=""https://news.google.com/rss/articles/CBMiswFBVV95cUxNaEJ6OGw4d0g0NW5rTktUR1JzVmIzREZ5RzBLMFg3YVJfRUthY3dHT016MGx0Wmszb0syLV9NcnI5SjJRUFYzSlNJbEF6YWFMdW1VT3FtQ2M5ajlWcGxqSVRnbGFUaVZSc29ucG9kYlVwN2pYSXljTUdmS2lwdE9FQ0dHNHI0TXRmX1hyT00zMHZmWWd6bkhnZzZ1MzRKd0NHQ3djZ29nc2NfMC16UlB1WUxsRdIBuAFBVV95cUxOU0RBQlZ0T204bXRxRGI5LVJvNWNKNG9iVnFNQ2pzUW9DVm1XTHpRTmtLRTZtbDBkX3lrUFQyUXh4N2NkT1BsZDBGSXNNZlB4b0dwaHBTTHNmOWZOUS1VMGJHU1lPZHpkOWpLVmlRSkZic3ZRS0tuU1hhSGFZWV9sVkVRb1BPUmRMSkROb0RPeVRuOERPZ1hITXdZWmkzVHNBWWpoLWxCNThxTUQ2ZDYtS2dvUVd6Z2Ny?oc=5"" target=""_blank"">Mynt: Sweden-Based Fintech Company Raises €22 Million (Series B) At About €175 Million Valuation</a>&nbsp;&nbsp;<font color=""#6f6f6f"">Pulse 2.0</font>'}","{'href': 'https://pulse2.com', 'title': 'Pulse 2.0'}",[]
9,Sweden government cuts growth forecast for 2025 - Yahoo Finance UK,"{'type': 'text/plain', 'language': None, 'base': '', 'value': 'Sweden government cuts growth forecast for 2025 - Yahoo Finance UK'}","[{'rel': 'alternate', 'type': 'text/html', 'href': 'https://news.google.com/rss/articles/CBMikAFBVV95cUxPVGVoc0hDTjdmeWdtd1J3WXZLSWtUaHZBc2NMb1VqVHMxZjl1M0dTbHdnU0JSZ0hhRGJGelJ6eDRiaEgxMXlKYlkzUUVXZmstaHNoQkNxMWVqRU92QlhnNFdaMkxVaVlUR05HNUhDOWxkejN3ZWVCUmx4bXR5OEJiQkRfcUlRX1RWZThiMDdWWUM?oc=5'}]",https://news.google.com/rss/articles/CBMikAFBVV95cUxPVGVoc0hDTjdmeWdtd1J3WXZLSWtUaHZBc2NMb1VqVHMxZjl1M0dTbHdnU0JSZ0hhRGJGelJ6eDRiaEgxMXlKYlkzUUVXZmstaHNoQkNxMWVqRU92QlhnNFdaMkxVaVlUR05HNUhDOWxkejN3ZWVCUmx4bXR5OEJiQkRfcUlRX1RWZThiMDdWWUM?oc=5,CBMikAFBVV95cUxPVGVoc0hDTjdmeWdtd1J3WXZLSWtUaHZBc2NMb1VqVHMxZjl1M0dTbHdnU0JSZ0hhRGJGelJ6eDRiaEgxMXlKYlkzUUVXZmstaHNoQkNxMWVqRU92QlhnNFdaMkxVaVlUR05HNUhDOWxkejN3ZWVCUmx4bXR5OEJiQkRfcUlRX1RWZThiMDdWWUM,False,"Wed, 18 Dec 2024 10:35:44 GMT","time.struct_time(tm_year=2024, tm_mon=12, tm_mday=18, tm_hour=10, tm_min=35, tm_sec=44, tm_wday=2, tm_yday=353, tm_isdst=0)","<a href=""https://news.google.com/rss/articles/CBMikAFBVV95cUxPVGVoc0hDTjdmeWdtd1J3WXZLSWtUaHZBc2NMb1VqVHMxZjl1M0dTbHdnU0JSZ0hhRGJGelJ6eDRiaEgxMXlKYlkzUUVXZmstaHNoQkNxMWVqRU92QlhnNFdaMkxVaVlUR05HNUhDOWxkejN3ZWVCUmx4bXR5OEJiQkRfcUlRX1RWZThiMDdWWUM?oc=5"" target=""_blank"">Sweden government cuts growth forecast for 2025</a>&nbsp;&nbsp;<font color=""#6f6f6f"">Yahoo Finance UK</font>","{'type': 'text/html', 'language': None, 'base': '', 'value': '<a href=""https://news.google.com/rss/articles/CBMikAFBVV95cUxPVGVoc0hDTjdmeWdtd1J3WXZLSWtUaHZBc2NMb1VqVHMxZjl1M0dTbHdnU0JSZ0hhRGJGelJ6eDRiaEgxMXlKYlkzUUVXZmstaHNoQkNxMWVqRU92QlhnNFdaMkxVaVlUR05HNUhDOWxkejN3ZWVCUmx4bXR5OEJiQkRfcUlRX1RWZThiMDdWWUM?oc=5"" target=""_blank"">Sweden government cuts growth forecast for 2025</a>&nbsp;&nbsp;<font color=""#6f6f6f"">Yahoo Finance UK</font>'}","{'href': 'https://uk.finance.yahoo.com', 'title': 'Yahoo Finance UK'}",[]
10,"Sweden’s SBB exchanges $2.9 billion debt, eyes lower leverage - Global Banking And Finance Review","{'type': 'text/plain', 'language': None, 'base': '', 'value': 'Sweden’s SBB exchanges $2.9 billion debt, eyes lower leverage - Global Banking And Finance Review'}","[{'rel': 'alternate', 'type': 'text/html', 'href': 'https://news.google.com/rss/articles/CBMioAFBVV95cUxPRjFzUzF1UUxIZmREcnRQbEVZRjdPQmVXdUZUQmdFVWJ4U19xUEJETmtLblROdVVyRUpkempLZGg1WjVIRkxvcTA1M2UtVGhCcVBHZzVkZHctcjhHU0pkLVBIMEtoblNIOV83dm5id0xUWndLOHJKZ2lKSEpZc1NPRTBSdXpSZzYzamtfVmlZZXN6XzdIM2NHVXRQMTNPUF9p?oc=5'}]",https://news.google.com/rss/articles/CBMioAFBVV95cUxPRjFzUzF1UUxIZmREcnRQbEVZRjdPQmVXdUZUQmdFVWJ4U19xUEJETmtLblROdVVyRUpkempLZGg1WjVIRkxvcTA1M2UtVGhCcVBHZzVkZHctcjhHU0pkLVBIMEtoblNIOV83dm5id0xUWndLOHJKZ2lKSEpZc1NPRTBSdXpSZzYzamtfVmlZZXN6XzdIM2NHVXRQMTNPUF9p?oc=5,CBMioAFBVV95cUxPRjFzUzF1UUxIZmREcnRQbEVZRjdPQmVXdUZUQmdFVWJ4U19xUEJETmtLblROdVVyRUpkempLZGg1WjVIRkxvcTA1M2UtVGhCcVBHZzVkZHctcjhHU0pkLVBIMEtoblNIOV83dm5id0xUWndLOHJKZ2lKSEpZc1NPRTBSdXpSZzYzamtfVmlZZXN6XzdIM2NHVXRQMTNPUF9p,False,"Wed, 18 Dec 2024 17:31:08 GMT","time.struct_time(tm_year=2024, tm_mon=12, tm_mday=18, tm_hour=17, tm_min=31, tm_sec=8, tm_wday=2, tm_yday=353, tm_isdst=0)","<a href=""https://news.google.com/rss/articles/CBMioAFBVV95cUxPRjFzUzF1UUxIZmREcnRQbEVZRjdPQmVXdUZUQmdFVWJ4U19xUEJETmtLblROdVVyRUpkempLZGg1WjVIRkxvcTA1M2UtVGhCcVBHZzVkZHctcjhHU0pkLVBIMEtoblNIOV83dm5id0xUWndLOHJKZ2lKSEpZc1NPRTBSdXpSZzYzamtfVmlZZXN6XzdIM2NHVXRQMTNPUF9p?oc=5"" target=""_blank"">Sweden’s SBB exchanges $2.9 billion debt, eyes lower leverage</a>&nbsp;&nbsp;<font color=""#6f6f6f"">Global Banking And Finance Review</font>","{'type': 'text/html', 'language': None, 'base': '', 'value': '<a href=""https://news.google.com/rss/articles/CBMioAFBVV95cUxPRjFzUzF1UUxIZmREcnRQbEVZRjdPQmVXdUZUQmdFVWJ4U19xUEJETmtLblROdVVyRUpkempLZGg1WjVIRkxvcTA1M2UtVGhCcVBHZzVkZHctcjhHU0pkLVBIMEtoblNIOV83dm5id0xUWndLOHJKZ2lKSEpZc1NPRTBSdXpSZzYzamtfVmlZZXN6XzdIM2NHVXRQMTNPUF9p?oc=5"" target=""_blank"">Sweden’s SBB exchanges $2.9 billion debt, eyes lower leverage</a>&nbsp;&nbsp;<font color=""#6f6f6f"">Global Banking And Finance Review</font>'}","{'href': 'https://www.globalbankingandfinance.com', 'title': 'Global Banking And Finance Review'}",[]
11,"Swedish central bank cuts policy rate, may ease again early in 2025 - Yahoo Finance UK","{'type': 'text/plain', 'language': None, 'base': '', 'value': 'Swedish central bank cuts policy rate, may ease again early in 2025 - Yahoo Finance UK'}","[{'rel': 'alternate', 'type': 'text/html', 'href': 'https://news.google.com/rss/articles/CBMiiAFBVV95cUxPVVNndjV6SFJQMW01eUFqOTFRSEx0N2FoU3pvdU5TVHRhN19TNjJGaUZiU0h3NUs0VWQ4V1p2a1oyNE9GeE1XV3gycGY2VDNmSmN5Vmd3aHpvQk5CeUZoQWZkRTZ1NGRCRThWRWoyYjNkSC0zalJlU2FsdDI1V21qanZfMEh2V0Vv?oc=5'}]",https://news.google.com/rss/articles/CBMiiAFBVV95cUxPVVNndjV6SFJQMW01eUFqOTFRSEx0N2FoU3pvdU5TVHRhN19TNjJGaUZiU0h3NUs0VWQ4V1p2a1oyNE9GeE1XV3gycGY2VDNmSmN5Vmd3aHpvQk5CeUZoQWZkRTZ1NGRCRThWRWoyYjNkSC0zalJlU2FsdDI1V21qanZfMEh2V0Vv?oc=5,CBMiiAFBVV95cUxPVVNndjV6SFJQMW01eUFqOTFRSEx0N2FoU3pvdU5TVHRhN19TNjJGaUZiU0h3NUs0VWQ4V1p2a1oyNE9GeE1XV3gycGY2VDNmSmN5Vmd3aHpvQk5CeUZoQWZkRTZ1NGRCRThWRWoyYjNkSC0zalJlU2FsdDI1V21qanZfMEh2V0Vv,False,"Thu, 19 Dec 2024 08:45:46 GMT","time.struct_time(tm_year=2024, tm_mon=12, tm_mday=19, tm_hour=8, tm_min=45, tm_sec=46, tm_wday=3, tm_yday=354, tm_isdst=0)","<a href=""https://news.google.com/rss/articles/CBMiiAFBVV95cUxPVVNndjV6SFJQMW01eUFqOTFRSEx0N2FoU3pvdU5TVHRhN19TNjJGaUZiU0h3NUs0VWQ4V1p2a1oyNE9GeE1XV3gycGY2VDNmSmN5Vmd3aHpvQk5CeUZoQWZkRTZ1NGRCRThWRWoyYjNkSC0zalJlU2FsdDI1V21qanZfMEh2V0Vv?oc=5"" target=""_blank"">Swedish central bank cuts policy rate, may ease again early in 2025</a>&nbsp;&nbsp;<font color=""#6f6f6f"">Yahoo Finance UK</font>","{'type': 'text/html', 'language': None, 'base': '', 'value': '<a href=""https://news.google.com/rss/articles/CBMiiAFBVV95cUxPVVNndjV6SFJQMW01eUFqOTFRSEx0N2FoU3pvdU5TVHRhN19TNjJGaUZiU0h3NUs0VWQ4V1p2a1oyNE9GeE1XV3gycGY2VDNmSmN5Vmd3aHpvQk5CeUZoQWZkRTZ1NGRCRThWRWoyYjNkSC0zalJlU2FsdDI1V21qanZfMEh2V0Vv?oc=5"" target=""_blank"">Swedish central bank cuts policy rate, may ease again early in 2025</a>&nbsp;&nbsp;<font color=""#6f6f6f"">Yahoo Finance UK</font>'}","{'href': 'https://uk.finance.yahoo.com', 'title': 'Yahoo Finance UK'}",[]
12,"Sweden’s SBB exchanges $2.9 billion debt, eyes lower leverage ahead - Global Banking And Finance Review","{'type': 'text/plain', 'language': None, 'base': '', 'value': 'Sweden’s SBB exchanges $2.9 billion debt, eyes lower leverage ahead - Global Banking And Finance Review'}","[{'rel': 'alternate', 'type': 'text/html', 'href': 'https://news.google.com/rss/articles/CBMiqAFBVV95cUxQMVBsOXlSN0pZQUNfb3R5RlhyWllYZ2gyckRfYUlZTkJ3amRSQ1F5Z2FtZmJZZld1TFAxQURIRWlTelExai1LX2FxV195R1VYT2l3SmI3dEMzRUwtczB4OGFyYzZCV0N5RTFkb3h0cVVzemtpSEcyaWhmR0VydG4yRWhfX3hOeHg5UWNvYmNKYTQzejBTMDAzZzV0TXVja0N6WHoyOEY4Q0w?oc=5'}]",https://news.google.com/rss/articles/CBMiqAFBVV95cUxQMVBsOXlSN0pZQUNfb3R5RlhyWllYZ2gyckRfYUlZTkJ3amRSQ1F5Z2FtZmJZZld1TFAxQURIRWlTelExai1LX2FxV195R1VYT2l3SmI3dEMzRUwtczB4OGFyYzZCV0N5RTFkb3h0cVVzemtpSEcyaWhmR0VydG4yRWhfX3hOeHg5UWNvYmNKYTQzejBTMDAzZzV0TXVja0N6WHoyOEY4Q0w?oc=5,CBMiqAFBVV95cUxQMVBsOXlSN0pZQUNfb3R5RlhyWllYZ2gyckRfYUlZTkJ3amRSQ1F5Z2FtZmJZZld1TFAxQURIRWlTelExai1LX2FxV195R1VYT2l3SmI3dEMzRUwtczB4OGFyYzZCV0N5RTFkb3h0cVVzemtpSEcyaWhmR0VydG4yRWhfX3hOeHg5UWNvYmNKYTQzejBTMDAzZzV0TXVja0N6WHoyOEY4Q0w,False,"Wed, 18 Dec 2024 11:59:52 GMT","time.struct_time(tm_year=2024, tm_mon=12, tm_mday=18, tm_hour=11, tm_min=59, tm_sec=52, tm_wday=2, tm_yday=353, tm_isdst=0)","<a href=""https://news.google.com/rss/articles/CBMiqAFBVV95cUxQMVBsOXlSN0pZQUNfb3R5RlhyWllYZ2gyckRfYUlZTkJ3amRSQ1F5Z2FtZmJZZld1TFAxQURIRWlTelExai1LX2FxV195R1VYT2l3SmI3dEMzRUwtczB4OGFyYzZCV0N5RTFkb3h0cVVzemtpSEcyaWhmR0VydG4yRWhfX3hOeHg5UWNvYmNKYTQzejBTMDAzZzV0TXVja0N6WHoyOEY4Q0w?oc=5"" target=""_blank"">Sweden’s SBB exchanges $2.9 billion debt, eyes lower leverage ahead</a>&nbsp;&nbsp;<font color=""#6f6f6f"">Global Banking And Finance Review</font>","{'type': 'text/html', 'language': None, 'base': '', 'value': '<a href=""https://news.google.com/rss/articles/CBMiqAFBVV95cUxQMVBsOXlSN0pZQUNfb3R5RlhyWllYZ2gyckRfYUlZTkJ3amRSQ1F5Z2FtZmJZZld1TFAxQURIRWlTelExai1LX2FxV195R1VYT2l3SmI3dEMzRUwtczB4OGFyYzZCV0N5RTFkb3h0cVVzemtpSEcyaWhmR0VydG4yRWhfX3hOeHg5UWNvYmNKYTQzejBTMDAzZzV0TXVja0N6WHoyOEY4Q0w?oc=5"" target=""_blank"">Sweden’s SBB exchanges $2.9 billion debt, eyes lower leverage ahead</a>&nbsp;&nbsp;<font color=""#6f6f6f"">Global Banking And Finance Review</font>'}","{'href': 'https://www.globalbankingandfinance.com', 'title': 'Global Banking And Finance Review'}",[]
13,Octoplay launches content with Svenska Spel in Sweden - Gaming Intelligence,"{'type': 'text/plain', 'language': None, 'base': '', 'value': 'Octoplay launches content with Svenska Spel in Sweden - Gaming Intelligence'}","[{'rel': 'alternate', 'type': 'text/html', 'href': 'https://news.google.com/rss/articles/CBMiugFBVV95cUxPV1dKbDJEMm1oY1dGWTFFWkx0Z2RQNUtDWnpaVGcwM2Y5dUFmU2tUMUZzVjk1MUZDT2pZbG1YUEV4Qi15bVVFZ05pMERmSUQ0UzNfZjEyeEtFU3lSR19ST29wNU56b3lvTEZZd05CSlNwbDl3UlFSam5lNzhYNER5a1dHV29xWl9ERW83NnpmQWY5RnZibEIwT1p1VGV5eWJHWE9TRC1kRU1Wd0RTU2ZhVE5YY3RSLXVabFE?oc=5'}]",https://news.google.com/rss/articles/CBMiugFBVV95cUxPV1dKbDJEMm1oY1dGWTFFWkx0Z2RQNUtDWnpaVGcwM2Y5dUFmU2tUMUZzVjk1MUZDT2pZbG1YUEV4Qi15bVVFZ05pMERmSUQ0UzNfZjEyeEtFU3lSR19ST29wNU56b3lvTEZZd05CSlNwbDl3UlFSam5lNzhYNER5a1dHV29xWl9ERW83NnpmQWY5RnZibEIwT1p1VGV5eWJHWE9TRC1kRU1Wd0RTU2ZhVE5YY3RSLXVabFE?oc=5,CBMiugFBVV95cUxPV1dKbDJEMm1oY1dGWTFFWkx0Z2RQNUtDWnpaVGcwM2Y5dUFmU2tUMUZzVjk1MUZDT2pZbG1YUEV4Qi15bVVFZ05pMERmSUQ0UzNfZjEyeEtFU3lSR19ST29wNU56b3lvTEZZd05CSlNwbDl3UlFSam5lNzhYNER5a1dHV29xWl9ERW83NnpmQWY5RnZibEIwT1p1VGV5eWJHWE9TRC1kRU1Wd0RTU2ZhVE5YY3RSLXVabFE,False,"Mon, 16 Dec 2024 08:37:46 GMT","time.struct_time(tm_year=2024, tm_mon=12, tm_mday=16, tm_hour=8, tm_min=37, tm_sec=46, tm_wday=0, tm_yday=351, tm_isdst=0)","<a href=""https://news.google.com/rss/articles/CBMiugFBVV95cUxPV1dKbDJEMm1oY1dGWTFFWkx0Z2RQNUtDWnpaVGcwM2Y5dUFmU2tUMUZzVjk1MUZDT2pZbG1YUEV4Qi15bVVFZ05pMERmSUQ0UzNfZjEyeEtFU3lSR19ST29wNU56b3lvTEZZd05CSlNwbDl3UlFSam5lNzhYNER5a1dHV29xWl9ERW83NnpmQWY5RnZibEIwT1p1VGV5eWJHWE9TRC1kRU1Wd0RTU2ZhVE5YY3RSLXVabFE?oc=5"" target=""_blank"">Octoplay launches content with Svenska Spel in Sweden</a>&nbsp;&nbsp;<font color=""#6f6f6f"">Gaming Intelligence</font>","{'type': 'text/html', 'language': None, 'base': '', 'value': '<a href=""https://news.google.com/rss/articles/CBMiugFBVV95cUxPV1dKbDJEMm1oY1dGWTFFWkx0Z2RQNUtDWnpaVGcwM2Y5dUFmU2tUMUZzVjk1MUZDT2pZbG1YUEV4Qi15bVVFZ05pMERmSUQ0UzNfZjEyeEtFU3lSR19ST29wNU56b3lvTEZZd05CSlNwbDl3UlFSam5lNzhYNER5a1dHV29xWl9ERW83NnpmQWY5RnZibEIwT1p1VGV5eWJHWE9TRC1kRU1Wd0RTU2ZhVE5YY3RSLXVabFE?oc=5"" target=""_blank"">Octoplay launches content with Svenska Spel in Sweden</a>&nbsp;&nbsp;<font color=""#6f6f6f"">Gaming Intelligence</font>'}","{'href': 'https://www.gamingintelligence.com', 'title': 'Gaming Intelligence'}",[]
14,Cautious Rate Cutting: Sweden's Economic Balancing Act - Devdiscourse,"{'type': 'text/plain', 'language': None, 'base': '', 'value': ""Cautious Rate Cutting: Sweden's Economic Balancing Act - Devdiscourse""}","[{'rel': 'alternate', 'type': 'text/html', 'href': 'https://news.google.com/rss/articles/CBMiqgFBVV95cUxPZ0QtN0hCOHhMZ1V0T2ZydU9XSW51ZHU4OG5tcWRvamk0YzlySjNnaDNoZFJlYkpXU0VxTVBzQ2k0WE5MUmZMLTU4SDAydlRSQ19Rc3BBRGppNnNDbHRmZl82TXN2YUZPSm5qYjVKbWhNUXZ0MTZ2R1FyYmlDenh0ZFBGNV96MzVONl9RRTk1N1ZUUEpiU2g2d2ZUYWtNV1l5cXJqTFZWdzJHd9IBrwFBVV95cUxPNHVoal82b0xOWnJtLVp3aVhYX2trVDYwa2libUVaTUp3OGtqZDdqLXFYVGl4V3ZwcDNic0ZaSWxDOTE0LTE5TDd2UGVMdEdmdWJVeUdOUWMxWGdBMmdXLXpnSWlYRnUtbzhCZndwVDVHV1dWNFk2ZmtFTnhoYTVqZ0F1bzU2NURqcE8tbnJaOHU4UXJ3M2M5Y3pYSE1hd191cjhLbml3MTdscl9LLU8w?oc=5'}]",https://news.google.com/rss/articles/CBMiqgFBVV95cUxPZ0QtN0hCOHhMZ1V0T2ZydU9XSW51ZHU4OG5tcWRvamk0YzlySjNnaDNoZFJlYkpXU0VxTVBzQ2k0WE5MUmZMLTU4SDAydlRSQ19Rc3BBRGppNnNDbHRmZl82TXN2YUZPSm5qYjVKbWhNUXZ0MTZ2R1FyYmlDenh0ZFBGNV96MzVONl9RRTk1N1ZUUEpiU2g2d2ZUYWtNV1l5cXJqTFZWdzJHd9IBrwFBVV95cUxPNHVoal82b0xOWnJtLVp3aVhYX2trVDYwa2libUVaTUp3OGtqZDdqLXFYVGl4V3ZwcDNic0ZaSWxDOTE0LTE5TDd2UGVMdEdmdWJVeUdOUWMxWGdBMmdXLXpnSWlYRnUtbzhCZndwVDVHV1dWNFk2ZmtFTnhoYTVqZ0F1bzU2NURqcE8tbnJaOHU4UXJ3M2M5Y3pYSE1hd191cjhLbml3MTdscl9LLU8w?oc=5,CBMiqgFBVV95cUxPZ0QtN0hCOHhMZ1V0T2ZydU9XSW51ZHU4OG5tcWRvamk0YzlySjNnaDNoZFJlYkpXU0VxTVBzQ2k0WE5MUmZMLTU4SDAydlRSQ19Rc3BBRGppNnNDbHRmZl82TXN2YUZPSm5qYjVKbWhNUXZ0MTZ2R1FyYmlDenh0ZFBGNV96MzVONl9RRTk1N1ZUUEpiU2g2d2ZUYWtNV1l5cXJqTFZWdzJHd9IBrwFBVV95cUxPNHVoal82b0xOWnJtLVp3aVhYX2trVDYwa2libUVaTUp3OGtqZDdqLXFYVGl4V3ZwcDNic0ZaSWxDOTE0LTE5TDd2UGVMdEdmdWJVeUdOUWMxWGdBMmdXLXpnSWlYRnUtbzhCZndwVDVHV1dWNFk2ZmtFTnhoYTVqZ0F1bzU2NURqcE8tbnJaOHU4UXJ3M2M5Y3pYSE1hd191cjhLbml3MTdscl9LLU8w,False,"Thu, 19 Dec 2024 09:06:55 GMT","time.struct_time(tm_year=2024, tm_mon=12, tm_mday=19, tm_hour=9, tm_min=6, tm_sec=55, tm_wday=3, tm_yday=354, tm_isdst=0)","<a href=""https://news.google.com/rss/articles/CBMiqgFBVV95cUxPZ0QtN0hCOHhMZ1V0T2ZydU9XSW51ZHU4OG5tcWRvamk0YzlySjNnaDNoZFJlYkpXU0VxTVBzQ2k0WE5MUmZMLTU4SDAydlRSQ19Rc3BBRGppNnNDbHRmZl82TXN2YUZPSm5qYjVKbWhNUXZ0MTZ2R1FyYmlDenh0ZFBGNV96MzVONl9RRTk1N1ZUUEpiU2g2d2ZUYWtNV1l5cXJqTFZWdzJHd9IBrwFBVV95cUxPNHVoal82b0xOWnJtLVp3aVhYX2trVDYwa2libUVaTUp3OGtqZDdqLXFYVGl4V3ZwcDNic0ZaSWxDOTE0LTE5TDd2UGVMdEdmdWJVeUdOUWMxWGdBMmdXLXpnSWlYRnUtbzhCZndwVDVHV1dWNFk2ZmtFTnhoYTVqZ0F1bzU2NURqcE8tbnJaOHU4UXJ3M2M5Y3pYSE1hd191cjhLbml3MTdscl9LLU8w?oc=5"" target=""_blank"">Cautious Rate Cutting: Sweden's Economic Balancing Act</a>&nbsp;&nbsp;<font color=""#6f6f6f"">Devdiscourse</font>","{'type': 'text/html', 'language': None, 'base': '', 'value': '<a href=""https://news.google.com/rss/articles/CBMiqgFBVV95cUxPZ0QtN0hCOHhMZ1V0T2ZydU9XSW51ZHU4OG5tcWRvamk0YzlySjNnaDNoZFJlYkpXU0VxTVBzQ2k0WE5MUmZMLTU4SDAydlRSQ19Rc3BBRGppNnNDbHRmZl82TXN2YUZPSm5qYjVKbWhNUXZ0MTZ2R1FyYmlDenh0ZFBGNV96MzVONl9RRTk1N1ZUUEpiU2g2d2ZUYWtNV1l5cXJqTFZWdzJHd9IBrwFBVV95cUxPNHVoal82b0xOWnJtLVp3aVhYX2trVDYwa2libUVaTUp3OGtqZDdqLXFYVGl4V3ZwcDNic0ZaSWxDOTE0LTE5TDd2UGVMdEdmdWJVeUdOUWMxWGdBMmdXLXpnSWlYRnUtbzhCZndwVDVHV1dWNFk2ZmtFTnhoYTVqZ0F1bzU2NURqcE8tbnJaOHU4UXJ3M2M5Y3pYSE1hd191cjhLbml3MTdscl9LLU8w?oc=5"" target=""_blank"">Cautious Rate Cutting: Sweden\'s Economic Balancing Act</a>&nbsp;&nbsp;<font color=""#6f6f6f"">Devdiscourse</font>'}","{'href': 'https://www.devdiscourse.com', 'title': 'Devdiscourse'}",[]
15,Sweden's Riksbank Shifts to Caution: Interest Rate Moves and Economic Outlook - Devdiscourse,"{'type': 'text/plain', 'language': None, 'base': '', 'value': ""Sweden's Riksbank Shifts to Caution: Interest Rate Moves and Economic Outlook - Devdiscourse""}","[{'rel': 'alternate', 'type': 'text/html', 'href': 'https://news.google.com/rss/articles/CBMiyAFBVV95cUxNSk1jcnJweF9NYlFXU1N5ckljS1J0UkpRSnhpRE9XZWJxbHhEOUxEdWhoUzlBVkVEUTBLN1p5RVRkbXBfZm5Xd2R1S0VOZklacndSSjN1NFAtM2lPTEFoVXdKYTR3SnlnNGdVdHN2eE1uYW5hSHRzUG5lOXQ4TExlcjJNMm1hUVhRdF9zRk5vU3dPUHpfcDY0YmZWMHRhbDJMLUEtWjRnUFZRRHU3X0plVjRyQm5McXBtS3ZNYzdjQVVobWwtTVY4WdIBzgFBVV95cUxOYU1MNW50c192VmFDUENjR2VVX0w5VkZ0UXJDUU9YU2R4YldGN0xGbFhfNWtIdkxIY19Ebnd5M0hRNE4yVkt0NUZpcmc4Uzc2VXFsWEx5ZFlyNnhkdGtFamI1S3BCazJMSUQ5dnlRYUoyMDIxQVpZQ2t0Q1Y4bjRXdWF6d3dDY19UZUlNeDhIMkJEcm41YVRjcXRsc1pwMlZPWnVfeFdWM0N4dF95TER6b1FkOEZCck5VcFJWaEUxSmFXeFRCamJ1dnVjMjh5UQ?oc=5'}]",https://news.google.com/rss/articles/CBMiyAFBVV95cUxNSk1jcnJweF9NYlFXU1N5ckljS1J0UkpRSnhpRE9XZWJxbHhEOUxEdWhoUzlBVkVEUTBLN1p5RVRkbXBfZm5Xd2R1S0VOZklacndSSjN1NFAtM2lPTEFoVXdKYTR3SnlnNGdVdHN2eE1uYW5hSHRzUG5lOXQ4TExlcjJNMm1hUVhRdF9zRk5vU3dPUHpfcDY0YmZWMHRhbDJMLUEtWjRnUFZRRHU3X0plVjRyQm5McXBtS3ZNYzdjQVVobWwtTVY4WdIBzgFBVV95cUxOYU1MNW50c192VmFDUENjR2VVX0w5VkZ0UXJDUU9YU2R4YldGN0xGbFhfNWtIdkxIY19Ebnd5M0hRNE4yVkt0NUZpcmc4Uzc2VXFsWEx5ZFlyNnhkdGtFamI1S3BCazJMSUQ5dnlRYUoyMDIxQVpZQ2t0Q1Y4bjRXdWF6d3dDY19UZUlNeDhIMkJEcm41YVRjcXRsc1pwMlZPWnVfeFdWM0N4dF95TER6b1FkOEZCck5VcFJWaEUxSmFXeFRCamJ1dnVjMjh5UQ?oc=5,CBMiyAFBVV95cUxNSk1jcnJweF9NYlFXU1N5ckljS1J0UkpRSnhpRE9XZWJxbHhEOUxEdWhoUzlBVkVEUTBLN1p5RVRkbXBfZm5Xd2R1S0VOZklacndSSjN1NFAtM2lPTEFoVXdKYTR3SnlnNGdVdHN2eE1uYW5hSHRzUG5lOXQ4TExlcjJNMm1hUVhRdF9zRk5vU3dPUHpfcDY0YmZWMHRhbDJMLUEtWjRnUFZRRHU3X0plVjRyQm5McXBtS3ZNYzdjQVVobWwtTVY4WdIBzgFBVV95cUxOYU1MNW50c192VmFDUENjR2VVX0w5VkZ0UXJDUU9YU2R4YldGN0xGbFhfNWtIdkxIY19Ebnd5M0hRNE4yVkt0NUZpcmc4Uzc2VXFsWEx5ZFlyNnhkdGtFamI1S3BCazJMSUQ5dnlRYUoyMDIxQVpZQ2t0Q1Y4bjRXdWF6d3dDY19UZUlNeDhIMkJEcm41YVRjcXRsc1pwMlZPWnVfeFdWM0N4dF95TER6b1FkOEZCck5VcFJWaEUxSmFXeFRCamJ1dnVjMjh5UQ,False,"Thu, 19 Dec 2024 09:46:46 GMT","time.struct_time(tm_year=2024, tm_mon=12, tm_mday=19, tm_hour=9, tm_min=46, tm_sec=46, tm_wday=3, tm_yday=354, tm_isdst=0)","<a href=""https://news.google.com/rss/articles/CBMiyAFBVV95cUxNSk1jcnJweF9NYlFXU1N5ckljS1J0UkpRSnhpRE9XZWJxbHhEOUxEdWhoUzlBVkVEUTBLN1p5RVRkbXBfZm5Xd2R1S0VOZklacndSSjN1NFAtM2lPTEFoVXdKYTR3SnlnNGdVdHN2eE1uYW5hSHRzUG5lOXQ4TExlcjJNMm1hUVhRdF9zRk5vU3dPUHpfcDY0YmZWMHRhbDJMLUEtWjRnUFZRRHU3X0plVjRyQm5McXBtS3ZNYzdjQVVobWwtTVY4WdIBzgFBVV95cUxOYU1MNW50c192VmFDUENjR2VVX0w5VkZ0UXJDUU9YU2R4YldGN0xGbFhfNWtIdkxIY19Ebnd5M0hRNE4yVkt0NUZpcmc4Uzc2VXFsWEx5ZFlyNnhkdGtFamI1S3BCazJMSUQ5dnlRYUoyMDIxQVpZQ2t0Q1Y4bjRXdWF6d3dDY19UZUlNeDhIMkJEcm41YVRjcXRsc1pwMlZPWnVfeFdWM0N4dF95TER6b1FkOEZCck5VcFJWaEUxSmFXeFRCamJ1dnVjMjh5UQ?oc=5"" target=""_blank"">Sweden's Riksbank Shifts to Caution: Interest Rate Moves and Economic Outlook</a>&nbsp;&nbsp;<font color=""#6f6f6f"">Devdiscourse</font>","{'type': 'text/html', 'language': None, 'base': '', 'value': '<a href=""https://news.google.com/rss/articles/CBMiyAFBVV95cUxNSk1jcnJweF9NYlFXU1N5ckljS1J0UkpRSnhpRE9XZWJxbHhEOUxEdWhoUzlBVkVEUTBLN1p5RVRkbXBfZm5Xd2R1S0VOZklacndSSjN1NFAtM2lPTEFoVXdKYTR3SnlnNGdVdHN2eE1uYW5hSHRzUG5lOXQ4TExlcjJNMm1hUVhRdF9zRk5vU3dPUHpfcDY0YmZWMHRhbDJMLUEtWjRnUFZRRHU3X0plVjRyQm5McXBtS3ZNYzdjQVVobWwtTVY4WdIBzgFBVV95cUxOYU1MNW50c192VmFDUENjR2VVX0w5VkZ0UXJDUU9YU2R4YldGN0xGbFhfNWtIdkxIY19Ebnd5M0hRNE4yVkt0NUZpcmc4Uzc2VXFsWEx5ZFlyNnhkdGtFamI1S3BCazJMSUQ5dnlRYUoyMDIxQVpZQ2t0Q1Y4bjRXdWF6d3dDY19UZUlNeDhIMkJEcm41YVRjcXRsc1pwMlZPWnVfeFdWM0N4dF95TER6b1FkOEZCck5VcFJWaEUxSmFXeFRCamJ1dnVjMjh5UQ?oc=5"" target=""_blank"">Sweden\'s Riksbank Shifts to Caution: Interest Rate Moves and Economic Outlook</a>&nbsp;&nbsp;<font color=""#6f6f6f"">Devdiscourse</font>'}","{'href': 'https://www.devdiscourse.com', 'title': 'Devdiscourse'}",[]
16,Sweden Eases into Economic Stability with Interest Rate Adjustments - Devdiscourse,"{'type': 'text/plain', 'language': None, 'base': '', 'value': 'Sweden Eases into Economic Stability with Interest Rate Adjustments - Devdiscourse'}","[{'rel': 'alternate', 'type': 'text/html', 'href': 'https://news.google.com/rss/articles/CBMivgFBVV95cUxNeDhJSHBjeVhGaEZyT0ZlNG5YWjRSZm1HNXktcVJleEVXMG1vNmgzUjdTME51Rjg4RUw5WVQyZC1kTkhvUENiVU5WdGllT2UyOVVJdWFfenZpd1htLW1VQkRDQUMwb0pYQnh3QVZtcFpfUTNTb2p3VnYtX2xWR01TS091YndKM2xsUW9ra0pXTExNYzgtTlpoSFdhRS1jdkExa1o3c0ZybDk0UEpqX1pXa3RKT1RGR3lYWFVSbTZ30gHDAUFVX3lxTFAtNEJWbnBMbXpLR1VHS0dWU2dNb3BsdFJ2YXB2b2J0R29reURmWUJtRjZreHR0RmE1b2d4SDhBYV9SaGwxVHRud2YwOUxHY2xkQXh2NHU2SWF1OTFYcU83REVLU05pQWQyOWZmVEplU1RNNFp1V2NxS0M0ZldvdmxpcnBHX3M5TkF5U1huR1ZMbHhQSGhKVWhzcHo5OU1jaVBDSDBVdTlWNmYyX2VnYUh2Tk5TVUpIb3JBaWt4XzlrS0FkUQ?oc=5'}]",https://news.google.com/rss/articles/CBMivgFBVV95cUxNeDhJSHBjeVhGaEZyT0ZlNG5YWjRSZm1HNXktcVJleEVXMG1vNmgzUjdTME51Rjg4RUw5WVQyZC1kTkhvUENiVU5WdGllT2UyOVVJdWFfenZpd1htLW1VQkRDQUMwb0pYQnh3QVZtcFpfUTNTb2p3VnYtX2xWR01TS091YndKM2xsUW9ra0pXTExNYzgtTlpoSFdhRS1jdkExa1o3c0ZybDk0UEpqX1pXa3RKT1RGR3lYWFVSbTZ30gHDAUFVX3lxTFAtNEJWbnBMbXpLR1VHS0dWU2dNb3BsdFJ2YXB2b2J0R29reURmWUJtRjZreHR0RmE1b2d4SDhBYV9SaGwxVHRud2YwOUxHY2xkQXh2NHU2SWF1OTFYcU83REVLU05pQWQyOWZmVEplU1RNNFp1V2NxS0M0ZldvdmxpcnBHX3M5TkF5U1huR1ZMbHhQSGhKVWhzcHo5OU1jaVBDSDBVdTlWNmYyX2VnYUh2Tk5TVUpIb3JBaWt4XzlrS0FkUQ?oc=5,CBMivgFBVV95cUxNeDhJSHBjeVhGaEZyT0ZlNG5YWjRSZm1HNXktcVJleEVXMG1vNmgzUjdTME51Rjg4RUw5WVQyZC1kTkhvUENiVU5WdGllT2UyOVVJdWFfenZpd1htLW1VQkRDQUMwb0pYQnh3QVZtcFpfUTNTb2p3VnYtX2xWR01TS091YndKM2xsUW9ra0pXTExNYzgtTlpoSFdhRS1jdkExa1o3c0ZybDk0UEpqX1pXa3RKT1RGR3lYWFVSbTZ30gHDAUFVX3lxTFAtNEJWbnBMbXpLR1VHS0dWU2dNb3BsdFJ2YXB2b2J0R29reURmWUJtRjZreHR0RmE1b2d4SDhBYV9SaGwxVHRud2YwOUxHY2xkQXh2NHU2SWF1OTFYcU83REVLU05pQWQyOWZmVEplU1RNNFp1V2NxS0M0ZldvdmxpcnBHX3M5TkF5U1huR1ZMbHhQSGhKVWhzcHo5OU1jaVBDSDBVdTlWNmYyX2VnYUh2Tk5TVUpIb3JBaWt4XzlrS0FkUQ,False,"Thu, 19 Dec 2024 08:38:30 GMT","time.struct_time(tm_year=2024, tm_mon=12, tm_mday=19, tm_hour=8, tm_min=38, tm_sec=30, tm_wday=3, tm_yday=354, tm_isdst=0)","<a href=""https://news.google.com/rss/articles/CBMivgFBVV95cUxNeDhJSHBjeVhGaEZyT0ZlNG5YWjRSZm1HNXktcVJleEVXMG1vNmgzUjdTME51Rjg4RUw5WVQyZC1kTkhvUENiVU5WdGllT2UyOVVJdWFfenZpd1htLW1VQkRDQUMwb0pYQnh3QVZtcFpfUTNTb2p3VnYtX2xWR01TS091YndKM2xsUW9ra0pXTExNYzgtTlpoSFdhRS1jdkExa1o3c0ZybDk0UEpqX1pXa3RKT1RGR3lYWFVSbTZ30gHDAUFVX3lxTFAtNEJWbnBMbXpLR1VHS0dWU2dNb3BsdFJ2YXB2b2J0R29reURmWUJtRjZreHR0RmE1b2d4SDhBYV9SaGwxVHRud2YwOUxHY2xkQXh2NHU2SWF1OTFYcU83REVLU05pQWQyOWZmVEplU1RNNFp1V2NxS0M0ZldvdmxpcnBHX3M5TkF5U1huR1ZMbHhQSGhKVWhzcHo5OU1jaVBDSDBVdTlWNmYyX2VnYUh2Tk5TVUpIb3JBaWt4XzlrS0FkUQ?oc=5"" target=""_blank"">Sweden Eases into Economic Stability with Interest Rate Adjustments</a>&nbsp;&nbsp;<font color=""#6f6f6f"">Devdiscourse</font>","{'type': 'text/html', 'language': None, 'base': '', 'value': '<a href=""https://news.google.com/rss/articles/CBMivgFBVV95cUxNeDhJSHBjeVhGaEZyT0ZlNG5YWjRSZm1HNXktcVJleEVXMG1vNmgzUjdTME51Rjg4RUw5WVQyZC1kTkhvUENiVU5WdGllT2UyOVVJdWFfenZpd1htLW1VQkRDQUMwb0pYQnh3QVZtcFpfUTNTb2p3VnYtX2xWR01TS091YndKM2xsUW9ra0pXTExNYzgtTlpoSFdhRS1jdkExa1o3c0ZybDk0UEpqX1pXa3RKT1RGR3lYWFVSbTZ30gHDAUFVX3lxTFAtNEJWbnBMbXpLR1VHS0dWU2dNb3BsdFJ2YXB2b2J0R29reURmWUJtRjZreHR0RmE1b2d4SDhBYV9SaGwxVHRud2YwOUxHY2xkQXh2NHU2SWF1OTFYcU83REVLU05pQWQyOWZmVEplU1RNNFp1V2NxS0M0ZldvdmxpcnBHX3M5TkF5U1huR1ZMbHhQSGhKVWhzcHo5OU1jaVBDSDBVdTlWNmYyX2VnYUh2Tk5TVUpIb3JBaWt4XzlrS0FkUQ?oc=5"" target=""_blank"">Sweden Eases into Economic Stability with Interest Rate Adjustments</a>&nbsp;&nbsp;<font color=""#6f6f6f"">Devdiscourse</font>'}","{'href': 'https://www.devdiscourse.com', 'title': 'Devdiscourse'}",[]
17,"Enfuce, SEB Embedded, And Humla Launch Co-Branded Payment Card For Hemköp To Transform Supermarket Shopping Experience In Sweden - Financial IT","{'type': 'text/plain', 'language': None, 'base': '', 'value': 'Enfuce, SEB Embedded, And Humla Launch Co-Branded Payment Card For Hemköp To Transform Supermarket Shopping Experience In Sweden - Financial IT'}","[{'rel': 'alternate', 'type': 'text/html', 'href': 'https://news.google.com/rss/articles/CBMitgFBVV95cUxNZHlVNF9lVGFHRGdZRV9fVFdfSEtBYlliVmIwU0FyZGhqSzQ0NmdWMEdMTGlEX1daMFFTLW81bjVMcDFQXzgyTmxPNmFFOTc4YkR1Z21YVk1FQXJvV3pJZm5DeHg3UjhWMExEdU4yOFdweGxwWDJhWWFiZ3ZWRlFTQXpYUTAyZGFOOGtTd21WbEdoaWdIRXg0c0stNUc4TG5zUHNEc0cyRlN0U05Uc0U1bUo1bFpDQQ?oc=5'}]",https://news.google.com/rss/articles/CBMitgFBVV95cUxNZHlVNF9lVGFHRGdZRV9fVFdfSEtBYlliVmIwU0FyZGhqSzQ0NmdWMEdMTGlEX1daMFFTLW81bjVMcDFQXzgyTmxPNmFFOTc4YkR1Z21YVk1FQXJvV3pJZm5DeHg3UjhWMExEdU4yOFdweGxwWDJhWWFiZ3ZWRlFTQXpYUTAyZGFOOGtTd21WbEdoaWdIRXg0c0stNUc4TG5zUHNEc0cyRlN0U05Uc0U1bUo1bFpDQQ?oc=5,CBMitgFBVV95cUxNZHlVNF9lVGFHRGdZRV9fVFdfSEtBYlliVmIwU0FyZGhqSzQ0NmdWMEdMTGlEX1daMFFTLW81bjVMcDFQXzgyTmxPNmFFOTc4YkR1Z21YVk1FQXJvV3pJZm5DeHg3UjhWMExEdU4yOFdweGxwWDJhWWFiZ3ZWRlFTQXpYUTAyZGFOOGtTd21WbEdoaWdIRXg0c0stNUc4TG5zUHNEc0cyRlN0U05Uc0U1bUo1bFpDQQ,False,"Tue, 17 Dec 2024 09:11:15 GMT","time.struct_time(tm_year=2024, tm_mon=12, tm_mday=17, tm_hour=9, tm_min=11, tm_sec=15, tm_wday=1, tm_yday=352, tm_isdst=0)","<a href=""https://news.google.com/rss/articles/CBMitgFBVV95cUxNZHlVNF9lVGFHRGdZRV9fVFdfSEtBYlliVmIwU0FyZGhqSzQ0NmdWMEdMTGlEX1daMFFTLW81bjVMcDFQXzgyTmxPNmFFOTc4YkR1Z21YVk1FQXJvV3pJZm5DeHg3UjhWMExEdU4yOFdweGxwWDJhWWFiZ3ZWRlFTQXpYUTAyZGFOOGtTd21WbEdoaWdIRXg0c0stNUc4TG5zUHNEc0cyRlN0U05Uc0U1bUo1bFpDQQ?oc=5"" target=""_blank"">Enfuce, SEB Embedded, And Humla Launch Co-Branded Payment Card For Hemköp To Transform Supermarket Shopping Experience In Sweden</a>&nbsp;&nbsp;<font color=""#6f6f6f"">Financial IT</font>","{'type': 'text/html', 'language': None, 'base': '', 'value': '<a href=""https://news.google.com/rss/articles/CBMitgFBVV95cUxNZHlVNF9lVGFHRGdZRV9fVFdfSEtBYlliVmIwU0FyZGhqSzQ0NmdWMEdMTGlEX1daMFFTLW81bjVMcDFQXzgyTmxPNmFFOTc4YkR1Z21YVk1FQXJvV3pJZm5DeHg3UjhWMExEdU4yOFdweGxwWDJhWWFiZ3ZWRlFTQXpYUTAyZGFOOGtTd21WbEdoaWdIRXg0c0stNUc4TG5zUHNEc0cyRlN0U05Uc0U1bUo1bFpDQQ?oc=5"" target=""_blank"">Enfuce, SEB Embedded, And Humla Launch Co-Branded Payment Card For Hemköp To Transform Supermarket Shopping Experience In Sweden</a>&nbsp;&nbsp;<font color=""#6f6f6f"">Financial IT</font>'}","{'href': 'https://financialit.net', 'title': 'Financial IT'}",[]
18,Sweden's Central Bank Eases Rates Again - Devdiscourse,"{'type': 'text/plain', 'language': None, 'base': '', 'value': ""Sweden's Central Bank Eases Rates Again - Devdiscourse""}","[{'rel': 'alternate', 'type': 'text/html', 'href': 'https://news.google.com/rss/articles/CBMimAFBVV95cUxNNGlmTTFjSGpkNGlTRGhFLWtraWpxOGl1Y0t2WllCbXNLWHAxMmR1S05leUZyTzV4Nk43N0ZiZzFSRmJNUXZQOWVwNUo1aHlJaExPMEx3M1h2QnNQVlBiOHFIWGQ1TG5XU0ROMlYwa1MxbWs3WTRabFhKSDJLeDdPb1RGcmp6VXlyZ2xtRkExQjBMOFVlbWhtM9IBngFBVV95cUxOcmVDTEx4RDlxX0dNYndNX3lGM1BKLUMzWmdzVDhjbnlEZU1zdzZjM2hzc092MlZ2VldoZkFadFN3NFpvQXI5eG1OWVJuU3lKdkxwc2dPdTBiUzVETTlld3ZUTmx0Y0E2RVBFOTM2aTFRV2J2Um5hX1E2b0RxMlpKbHlhbWo3RnNlbzBXMWMtTmhhcVZPdUdaUTE1R0hCZw?oc=5'}]",https://news.google.com/rss/articles/CBMimAFBVV95cUxNNGlmTTFjSGpkNGlTRGhFLWtraWpxOGl1Y0t2WllCbXNLWHAxMmR1S05leUZyTzV4Nk43N0ZiZzFSRmJNUXZQOWVwNUo1aHlJaExPMEx3M1h2QnNQVlBiOHFIWGQ1TG5XU0ROMlYwa1MxbWs3WTRabFhKSDJLeDdPb1RGcmp6VXlyZ2xtRkExQjBMOFVlbWhtM9IBngFBVV95cUxOcmVDTEx4RDlxX0dNYndNX3lGM1BKLUMzWmdzVDhjbnlEZU1zdzZjM2hzc092MlZ2VldoZkFadFN3NFpvQXI5eG1OWVJuU3lKdkxwc2dPdTBiUzVETTlld3ZUTmx0Y0E2RVBFOTM2aTFRV2J2Um5hX1E2b0RxMlpKbHlhbWo3RnNlbzBXMWMtTmhhcVZPdUdaUTE1R0hCZw?oc=5,CBMimAFBVV95cUxNNGlmTTFjSGpkNGlTRGhFLWtraWpxOGl1Y0t2WllCbXNLWHAxMmR1S05leUZyTzV4Nk43N0ZiZzFSRmJNUXZQOWVwNUo1aHlJaExPMEx3M1h2QnNQVlBiOHFIWGQ1TG5XU0ROMlYwa1MxbWs3WTRabFhKSDJLeDdPb1RGcmp6VXlyZ2xtRkExQjBMOFVlbWhtM9IBngFBVV95cUxOcmVDTEx4RDlxX0dNYndNX3lGM1BKLUMzWmdzVDhjbnlEZU1zdzZjM2hzc092MlZ2VldoZkFadFN3NFpvQXI5eG1OWVJuU3lKdkxwc2dPdTBiUzVETTlld3ZUTmx0Y0E2RVBFOTM2aTFRV2J2Um5hX1E2b0RxMlpKbHlhbWo3RnNlbzBXMWMtTmhhcVZPdUdaUTE1R0hCZw,False,"Thu, 19 Dec 2024 08:32:41 GMT","time.struct_time(tm_year=2024, tm_mon=12, tm_mday=19, tm_hour=8, tm_min=32, tm_sec=41, tm_wday=3, tm_yday=354, tm_isdst=0)","<a href=""https://news.google.com/rss/articles/CBMimAFBVV95cUxNNGlmTTFjSGpkNGlTRGhFLWtraWpxOGl1Y0t2WllCbXNLWHAxMmR1S05leUZyTzV4Nk43N0ZiZzFSRmJNUXZQOWVwNUo1aHlJaExPMEx3M1h2QnNQVlBiOHFIWGQ1TG5XU0ROMlYwa1MxbWs3WTRabFhKSDJLeDdPb1RGcmp6VXlyZ2xtRkExQjBMOFVlbWhtM9IBngFBVV95cUxOcmVDTEx4RDlxX0dNYndNX3lGM1BKLUMzWmdzVDhjbnlEZU1zdzZjM2hzc092MlZ2VldoZkFadFN3NFpvQXI5eG1OWVJuU3lKdkxwc2dPdTBiUzVETTlld3ZUTmx0Y0E2RVBFOTM2aTFRV2J2Um5hX1E2b0RxMlpKbHlhbWo3RnNlbzBXMWMtTmhhcVZPdUdaUTE1R0hCZw?oc=5"" target=""_blank"">Sweden's Central Bank Eases Rates Again</a>&nbsp;&nbsp;<font color=""#6f6f6f"">Devdiscourse</font>","{'type': 'text/html', 'language': None, 'base': '', 'value': '<a href=""https://news.google.com/rss/articles/CBMimAFBVV95cUxNNGlmTTFjSGpkNGlTRGhFLWtraWpxOGl1Y0t2WllCbXNLWHAxMmR1S05leUZyTzV4Nk43N0ZiZzFSRmJNUXZQOWVwNUo1aHlJaExPMEx3M1h2QnNQVlBiOHFIWGQ1TG5XU0ROMlYwa1MxbWs3WTRabFhKSDJLeDdPb1RGcmp6VXlyZ2xtRkExQjBMOFVlbWhtM9IBngFBVV95cUxOcmVDTEx4RDlxX0dNYndNX3lGM1BKLUMzWmdzVDhjbnlEZU1zdzZjM2hzc092MlZ2VldoZkFadFN3NFpvQXI5eG1OWVJuU3lKdkxwc2dPdTBiUzVETTlld3ZUTmx0Y0E2RVBFOTM2aTFRV2J2Um5hX1E2b0RxMlpKbHlhbWo3RnNlbzBXMWMtTmhhcVZPdUdaUTE1R0hCZw?oc=5"" target=""_blank"">Sweden\'s Central Bank Eases Rates Again</a>&nbsp;&nbsp;<font color=""#6f6f6f"">Devdiscourse</font>'}","{'href': 'https://www.devdiscourse.com', 'title': 'Devdiscourse'}",[]
19,Sweden’s Central Bank Cuts Rate Again as Economic Uncertainty Persists - MSN,"{'type': 'text/plain', 'language': None, 'base': '', 'value': 'Sweden’s Central Bank Cuts Rate Again as Economic Uncertainty Persists - MSN'}","[{'rel': 'alternate', 'type': 'text/html', 'href': 'https://news.google.com/rss/articles/CBMi4gFBVV95cUxNeE9hMTBNZl83dVRjU0F1WEVmRWlaS3g4MmxCVnV3YzVhVDlOTnpiM2FPMWN4RDBDTTJHSW5wRndyMWtKM0l4SWVVZG9KRE43OXZGVXFzVExrOHN4Wmw5VGticUNhaVNqak1JbU1sdzNyUkpGUEtfVjFlYlN6VnNSVy03N3dVUGZ3R21pWk9QaXZFRlljQ1o2Z1hMTzNfWDlFRUgzM1ozZjFmdk16Z1RZX3B6cjl0NTVpQzhRLXhtcHI4ZVk2TlhJRDNLeHNEOHFheXBSSi1idFBtX1lCUkFzZFhR?oc=5'}]",https://news.google.com/rss/articles/CBMi4gFBVV95cUxNeE9hMTBNZl83dVRjU0F1WEVmRWlaS3g4MmxCVnV3YzVhVDlOTnpiM2FPMWN4RDBDTTJHSW5wRndyMWtKM0l4SWVVZG9KRE43OXZGVXFzVExrOHN4Wmw5VGticUNhaVNqak1JbU1sdzNyUkpGUEtfVjFlYlN6VnNSVy03N3dVUGZ3R21pWk9QaXZFRlljQ1o2Z1hMTzNfWDlFRUgzM1ozZjFmdk16Z1RZX3B6cjl0NTVpQzhRLXhtcHI4ZVk2TlhJRDNLeHNEOHFheXBSSi1idFBtX1lCUkFzZFhR?oc=5,CBMi4gFBVV95cUxNeE9hMTBNZl83dVRjU0F1WEVmRWlaS3g4MmxCVnV3YzVhVDlOTnpiM2FPMWN4RDBDTTJHSW5wRndyMWtKM0l4SWVVZG9KRE43OXZGVXFzVExrOHN4Wmw5VGticUNhaVNqak1JbU1sdzNyUkpGUEtfVjFlYlN6VnNSVy03N3dVUGZ3R21pWk9QaXZFRlljQ1o2Z1hMTzNfWDlFRUgzM1ozZjFmdk16Z1RZX3B6cjl0NTVpQzhRLXhtcHI4ZVk2TlhJRDNLeHNEOHFheXBSSi1idFBtX1lCUkFzZFhR,False,"Thu, 19 Dec 2024 09:07:21 GMT","time.struct_time(tm_year=2024, tm_mon=12, tm_mday=19, tm_hour=9, tm_min=7, tm_sec=21, tm_wday=3, tm_yday=354, tm_isdst=0)","<a href=""https://news.google.com/rss/articles/CBMi4gFBVV95cUxNeE9hMTBNZl83dVRjU0F1WEVmRWlaS3g4MmxCVnV3YzVhVDlOTnpiM2FPMWN4RDBDTTJHSW5wRndyMWtKM0l4SWVVZG9KRE43OXZGVXFzVExrOHN4Wmw5VGticUNhaVNqak1JbU1sdzNyUkpGUEtfVjFlYlN6VnNSVy03N3dVUGZ3R21pWk9QaXZFRlljQ1o2Z1hMTzNfWDlFRUgzM1ozZjFmdk16Z1RZX3B6cjl0NTVpQzhRLXhtcHI4ZVk2TlhJRDNLeHNEOHFheXBSSi1idFBtX1lCUkFzZFhR?oc=5"" target=""_blank"">Sweden’s Central Bank Cuts Rate Again as Economic Uncertainty Persists</a>&nbsp;&nbsp;<font color=""#6f6f6f"">MSN</font>","{'type': 'text/html', 'language': None, 'base': '', 'value': '<a href=""https://news.google.com/rss/articles/CBMi4gFBVV95cUxNeE9hMTBNZl83dVRjU0F1WEVmRWlaS3g4MmxCVnV3YzVhVDlOTnpiM2FPMWN4RDBDTTJHSW5wRndyMWtKM0l4SWVVZG9KRE43OXZGVXFzVExrOHN4Wmw5VGticUNhaVNqak1JbU1sdzNyUkpGUEtfVjFlYlN6VnNSVy03N3dVUGZ3R21pWk9QaXZFRlljQ1o2Z1hMTzNfWDlFRUgzM1ozZjFmdk16Z1RZX3B6cjl0NTVpQzhRLXhtcHI4ZVk2TlhJRDNLeHNEOHFheXBSSi1idFBtX1lCUkFzZFhR?oc=5"" target=""_blank"">Sweden’s Central Bank Cuts Rate Again as Economic Uncertainty Persists</a>&nbsp;&nbsp;<font color=""#6f6f6f"">MSN</font>'}","{'href': 'https://www.msn.com', 'title': 'MSN'}",[]
20,Sweden’s Spotlight Stock Market adds 20 crypto ETPs by Valour - MSN,"{'type': 'text/plain', 'language': None, 'base': '', 'value': 'Sweden’s Spotlight Stock Market adds 20 crypto ETPs by Valour - MSN'}","[{'rel': 'alternate', 'type': 'text/html', 'href': 'https://news.google.com/rss/articles/CBMiwgFBVV95cUxNRVlFVENpNEQzWFFwak1EcFA4Sk12d1JJM3QzX0hSZVQ3TFo1b0tJdWlKYkRoTEQ0U0l6cXBoMVg4VU9Gc0NzVmVQVjd0a1NRZWF0Mk41NmYwVlphVDNoTVFWVGRtZTRGN0VqX0RlWWVyWWVoUWpuQWJHUEdKeFQ3d2JwbXFRTGw1WHVzT2dBU2hkYmR1YVJqTzBEN1hjZ2lYN3BLVVpnRER5bWpacWE1R0FYMGo2UFNNSEhSX0drNjdGQQ?oc=5'}]",https://news.google.com/rss/articles/CBMiwgFBVV95cUxNRVlFVENpNEQzWFFwak1EcFA4Sk12d1JJM3QzX0hSZVQ3TFo1b0tJdWlKYkRoTEQ0U0l6cXBoMVg4VU9Gc0NzVmVQVjd0a1NRZWF0Mk41NmYwVlphVDNoTVFWVGRtZTRGN0VqX0RlWWVyWWVoUWpuQWJHUEdKeFQ3d2JwbXFRTGw1WHVzT2dBU2hkYmR1YVJqTzBEN1hjZ2lYN3BLVVpnRER5bWpacWE1R0FYMGo2UFNNSEhSX0drNjdGQQ?oc=5,CBMiwgFBVV95cUxNRVlFVENpNEQzWFFwak1EcFA4Sk12d1JJM3QzX0hSZVQ3TFo1b0tJdWlKYkRoTEQ0U0l6cXBoMVg4VU9Gc0NzVmVQVjd0a1NRZWF0Mk41NmYwVlphVDNoTVFWVGRtZTRGN0VqX0RlWWVyWWVoUWpuQWJHUEdKeFQ3d2JwbXFRTGw1WHVzT2dBU2hkYmR1YVJqTzBEN1hjZ2lYN3BLVVpnRER5bWpacWE1R0FYMGo2UFNNSEhSX0drNjdGQQ,False,"Thu, 12 Dec 2024 19:46:59 GMT","time.struct_time(tm_year=2024, tm_mon=12, tm_mday=12, tm_hour=19, tm_min=46, tm_sec=59, tm_wday=3, tm_yday=347, tm_isdst=0)","<a href=""https://news.google.com/rss/articles/CBMiwgFBVV95cUxNRVlFVENpNEQzWFFwak1EcFA4Sk12d1JJM3QzX0hSZVQ3TFo1b0tJdWlKYkRoTEQ0U0l6cXBoMVg4VU9Gc0NzVmVQVjd0a1NRZWF0Mk41NmYwVlphVDNoTVFWVGRtZTRGN0VqX0RlWWVyWWVoUWpuQWJHUEdKeFQ3d2JwbXFRTGw1WHVzT2dBU2hkYmR1YVJqTzBEN1hjZ2lYN3BLVVpnRER5bWpacWE1R0FYMGo2UFNNSEhSX0drNjdGQQ?oc=5"" target=""_blank"">Sweden’s Spotlight Stock Market adds 20 crypto ETPs by Valour</a>&nbsp;&nbsp;<font color=""#6f6f6f"">MSN</font>","{'type': 'text/html', 'language': None, 'base': '', 'value': '<a href=""https://news.google.com/rss/articles/CBMiwgFBVV95cUxNRVlFVENpNEQzWFFwak1EcFA4Sk12d1JJM3QzX0hSZVQ3TFo1b0tJdWlKYkRoTEQ0U0l6cXBoMVg4VU9Gc0NzVmVQVjd0a1NRZWF0Mk41NmYwVlphVDNoTVFWVGRtZTRGN0VqX0RlWWVyWWVoUWpuQWJHUEdKeFQ3d2JwbXFRTGw1WHVzT2dBU2hkYmR1YVJqTzBEN1hjZ2lYN3BLVVpnRER5bWpacWE1R0FYMGo2UFNNSEhSX0drNjdGQQ?oc=5"" target=""_blank"">Sweden’s Spotlight Stock Market adds 20 crypto ETPs by Valour</a>&nbsp;&nbsp;<font color=""#6f6f6f"">MSN</font>'}","{'href': 'https://www.msn.com', 'title': 'MSN'}",[]
21,Swedish finance ministry revises down economic growth forecast By Investing.com - Investing.com Canada,"{'type': 'text/plain', 'language': None, 'base': '', 'value': 'Swedish finance ministry revises down economic growth forecast By Investing.com - Investing.com Canada'}","[{'rel': 'alternate', 'type': 'text/html', 'href': 'https://news.google.com/rss/articles/CBMiwAFBVV95cUxOUXhZVEphMDRIT1lQNkdxSkZTLVdVeWtzUU5rMkczYk4xMmVaX0llWU8xWnFPbGIwQnBMZmNCeUlEYWFuYlU1UXhVeVQxN3ljMkFBVW1fRnlPWGpoMmtRTk1XWEVidmlIdWxBWTFPX3B1SUViWExXTl85T2dodkFiTFJQUWt6bmxIR3NHbG9pY09DRndPMk9sMXhUMjVWVXNzQ1hadGhTTUhjTTRlc1M0Q0loT3NIaWNEVUNTMXpTek0?oc=5'}]",https://news.google.com/rss/articles/CBMiwAFBVV95cUxOUXhZVEphMDRIT1lQNkdxSkZTLVdVeWtzUU5rMkczYk4xMmVaX0llWU8xWnFPbGIwQnBMZmNCeUlEYWFuYlU1UXhVeVQxN3ljMkFBVW1fRnlPWGpoMmtRTk1XWEVidmlIdWxBWTFPX3B1SUViWExXTl85T2dodkFiTFJQUWt6bmxIR3NHbG9pY09DRndPMk9sMXhUMjVWVXNzQ1hadGhTTUhjTTRlc1M0Q0loT3NIaWNEVUNTMXpTek0?oc=5,CBMiwAFBVV95cUxOUXhZVEphMDRIT1lQNkdxSkZTLVdVeWtzUU5rMkczYk4xMmVaX0llWU8xWnFPbGIwQnBMZmNCeUlEYWFuYlU1UXhVeVQxN3ljMkFBVW1fRnlPWGpoMmtRTk1XWEVidmlIdWxBWTFPX3B1SUViWExXTl85T2dodkFiTFJQUWt6bmxIR3NHbG9pY09DRndPMk9sMXhUMjVWVXNzQ1hadGhTTUhjTTRlc1M0Q0loT3NIaWNEVUNTMXpTek0,False,"Wed, 18 Dec 2024 11:54:39 GMT","time.struct_time(tm_year=2024, tm_mon=12, tm_mday=18, tm_hour=11, tm_min=54, tm_sec=39, tm_wday=2, tm_yday=353, tm_isdst=0)","<a href=""https://news.google.com/rss/articles/CBMiwAFBVV95cUxOUXhZVEphMDRIT1lQNkdxSkZTLVdVeWtzUU5rMkczYk4xMmVaX0llWU8xWnFPbGIwQnBMZmNCeUlEYWFuYlU1UXhVeVQxN3ljMkFBVW1fRnlPWGpoMmtRTk1XWEVidmlIdWxBWTFPX3B1SUViWExXTl85T2dodkFiTFJQUWt6bmxIR3NHbG9pY09DRndPMk9sMXhUMjVWVXNzQ1hadGhTTUhjTTRlc1M0Q0loT3NIaWNEVUNTMXpTek0?oc=5"" target=""_blank"">Swedish finance ministry revises down economic growth forecast By Investing.com</a>&nbsp;&nbsp;<font color=""#6f6f6f"">Investing.com Canada</font>","{'type': 'text/html', 'language': None, 'base': '', 'value': '<a href=""https://news.google.com/rss/articles/CBMiwAFBVV95cUxOUXhZVEphMDRIT1lQNkdxSkZTLVdVeWtzUU5rMkczYk4xMmVaX0llWU8xWnFPbGIwQnBMZmNCeUlEYWFuYlU1UXhVeVQxN3ljMkFBVW1fRnlPWGpoMmtRTk1XWEVidmlIdWxBWTFPX3B1SUViWExXTl85T2dodkFiTFJQUWt6bmxIR3NHbG9pY09DRndPMk9sMXhUMjVWVXNzQ1hadGhTTUhjTTRlc1M0Q0loT3NIaWNEVUNTMXpTek0?oc=5"" target=""_blank"">Swedish finance ministry revises down economic growth forecast By Investing.com</a>&nbsp;&nbsp;<font color=""#6f6f6f"">Investing.com Canada</font>'}","{'href': 'https://ca.investing.com', 'title': 'Investing.com Canada'}",[]
22,"Enfuce, SEB Embedded and Humla Partner to Launch Payment Card for Swedish Supermarket - The Fintech Times","{'type': 'text/plain', 'language': None, 'base': '', 'value': 'Enfuce, SEB Embedded and Humla Partner to Launch Payment Card for Swedish Supermarket - The Fintech Times'}","[{'rel': 'alternate', 'type': 'text/html', 'href': 'https://news.google.com/rss/articles/CBMiswFBVV95cUxNN1l2OVp4TUVKMlFxczJXaUJFQlc5Qk8tX0FjUkVoQVJPMmhuVGpFZW15QUxybTl3c2FMWWZIVWQyQUtMbzdjbjA3dHpkMUtYUERwUnExQ0ZPQUhHOC1KVzFpdjNrSGJXbGVZcy1FcWExcHRYWFhnREo5QzRWN3hNYUhUSkpDbDdhaFRNYXNZTkxfQ214cWVGN1poODlPeHpFb0x6bUtSYS1oVXhRczJ5V0hRWQ?oc=5'}]",https://news.google.com/rss/articles/CBMiswFBVV95cUxNN1l2OVp4TUVKMlFxczJXaUJFQlc5Qk8tX0FjUkVoQVJPMmhuVGpFZW15QUxybTl3c2FMWWZIVWQyQUtMbzdjbjA3dHpkMUtYUERwUnExQ0ZPQUhHOC1KVzFpdjNrSGJXbGVZcy1FcWExcHRYWFhnREo5QzRWN3hNYUhUSkpDbDdhaFRNYXNZTkxfQ214cWVGN1poODlPeHpFb0x6bUtSYS1oVXhRczJ5V0hRWQ?oc=5,CBMiswFBVV95cUxNN1l2OVp4TUVKMlFxczJXaUJFQlc5Qk8tX0FjUkVoQVJPMmhuVGpFZW15QUxybTl3c2FMWWZIVWQyQUtMbzdjbjA3dHpkMUtYUERwUnExQ0ZPQUhHOC1KVzFpdjNrSGJXbGVZcy1FcWExcHRYWFhnREo5QzRWN3hNYUhUSkpDbDdhaFRNYXNZTkxfQ214cWVGN1poODlPeHpFb0x6bUtSYS1oVXhRczJ5V0hRWQ,False,"Wed, 18 Dec 2024 09:30:09 GMT","time.struct_time(tm_year=2024, tm_mon=12, tm_mday=18, tm_hour=9, tm_min=30, tm_sec=9, tm_wday=2, tm_yday=353, tm_isdst=0)","<a href=""https://news.google.com/rss/articles/CBMiswFBVV95cUxNN1l2OVp4TUVKMlFxczJXaUJFQlc5Qk8tX0FjUkVoQVJPMmhuVGpFZW15QUxybTl3c2FMWWZIVWQyQUtMbzdjbjA3dHpkMUtYUERwUnExQ0ZPQUhHOC1KVzFpdjNrSGJXbGVZcy1FcWExcHRYWFhnREo5QzRWN3hNYUhUSkpDbDdhaFRNYXNZTkxfQ214cWVGN1poODlPeHpFb0x6bUtSYS1oVXhRczJ5V0hRWQ?oc=5"" target=""_blank"">Enfuce, SEB Embedded and Humla Partner to Launch Payment Card for Swedish Supermarket</a>&nbsp;&nbsp;<font color=""#6f6f6f"">The Fintech Times</font>","{'type': 'text/html', 'language': None, 'base': '', 'value': '<a href=""https://news.google.com/rss/articles/CBMiswFBVV95cUxNN1l2OVp4TUVKMlFxczJXaUJFQlc5Qk8tX0FjUkVoQVJPMmhuVGpFZW15QUxybTl3c2FMWWZIVWQyQUtMbzdjbjA3dHpkMUtYUERwUnExQ0ZPQUhHOC1KVzFpdjNrSGJXbGVZcy1FcWExcHRYWFhnREo5QzRWN3hNYUhUSkpDbDdhaFRNYXNZTkxfQ214cWVGN1poODlPeHpFb0x6bUtSYS1oVXhRczJ5V0hRWQ?oc=5"" target=""_blank"">Enfuce, SEB Embedded and Humla Partner to Launch Payment Card for Swedish Supermarket</a>&nbsp;&nbsp;<font color=""#6f6f6f"">The Fintech Times</font>'}","{'href': 'https://thefintechtimes.com', 'title': 'The Fintech Times'}",[]
23,Sweden government cuts growth forecast for 2025 - MSN,"{'type': 'text/plain', 'language': None, 'base': '', 'value': 'Sweden government cuts growth forecast for 2025 - MSN'}","[{'rel': 'alternate', 'type': 'text/html', 'href': 'https://news.google.com/rss/articles/CBMiwAFBVV95cUxNM3g1VGZJNnhqUDZsVzRjNlYwMG5DSkhlcXRVYW5Rdzloa2dBQlJoa1pESFFHcklkRklWakdtanhjMEdMYTNLR1NGaXBPOVJqNk9Vb1ZfZHAxQW1SaHJwNW1sWlN5MFRhcFEzcGxfdTNwWmN5amQyekxROVFZeU9QTUtsaWxtdDFISlpITG50YzhpQjllU1JMcGhqbGgwNy1DQlRYQUdWeUxFNS1oUm1FNVVBSmp5SnNOWVhYSWl5a0k?oc=5'}]",https://news.google.com/rss/articles/CBMiwAFBVV95cUxNM3g1VGZJNnhqUDZsVzRjNlYwMG5DSkhlcXRVYW5Rdzloa2dBQlJoa1pESFFHcklkRklWakdtanhjMEdMYTNLR1NGaXBPOVJqNk9Vb1ZfZHAxQW1SaHJwNW1sWlN5MFRhcFEzcGxfdTNwWmN5amQyekxROVFZeU9QTUtsaWxtdDFISlpITG50YzhpQjllU1JMcGhqbGgwNy1DQlRYQUdWeUxFNS1oUm1FNVVBSmp5SnNOWVhYSWl5a0k?oc=5,CBMiwAFBVV95cUxNM3g1VGZJNnhqUDZsVzRjNlYwMG5DSkhlcXRVYW5Rdzloa2dBQlJoa1pESFFHcklkRklWakdtanhjMEdMYTNLR1NGaXBPOVJqNk9Vb1ZfZHAxQW1SaHJwNW1sWlN5MFRhcFEzcGxfdTNwWmN5amQyekxROVFZeU9QTUtsaWxtdDFISlpITG50YzhpQjllU1JMcGhqbGgwNy1DQlRYQUdWeUxFNS1oUm1FNVVBSmp5SnNOWVhYSWl5a0k,False,"Wed, 18 Dec 2024 21:27:27 GMT","time.struct_time(tm_year=2024, tm_mon=12, tm_mday=18, tm_hour=21, tm_min=27, tm_sec=27, tm_wday=2, tm_yday=353, tm_isdst=0)","<a href=""https://news.google.com/rss/articles/CBMiwAFBVV95cUxNM3g1VGZJNnhqUDZsVzRjNlYwMG5DSkhlcXRVYW5Rdzloa2dBQlJoa1pESFFHcklkRklWakdtanhjMEdMYTNLR1NGaXBPOVJqNk9Vb1ZfZHAxQW1SaHJwNW1sWlN5MFRhcFEzcGxfdTNwWmN5amQyekxROVFZeU9QTUtsaWxtdDFISlpITG50YzhpQjllU1JMcGhqbGgwNy1DQlRYQUdWeUxFNS1oUm1FNVVBSmp5SnNOWVhYSWl5a0k?oc=5"" target=""_blank"">Sweden government cuts growth forecast for 2025</a>&nbsp;&nbsp;<font color=""#6f6f6f"">MSN</font>","{'type': 'text/html', 'language': None, 'base': '', 'value': '<a href=""https://news.google.com/rss/articles/CBMiwAFBVV95cUxNM3g1VGZJNnhqUDZsVzRjNlYwMG5DSkhlcXRVYW5Rdzloa2dBQlJoa1pESFFHcklkRklWakdtanhjMEdMYTNLR1NGaXBPOVJqNk9Vb1ZfZHAxQW1SaHJwNW1sWlN5MFRhcFEzcGxfdTNwWmN5amQyekxROVFZeU9QTUtsaWxtdDFISlpITG50YzhpQjllU1JMcGhqbGgwNy1DQlRYQUdWeUxFNS1oUm1FNVVBSmp5SnNOWVhYSWl5a0k?oc=5"" target=""_blank"">Sweden government cuts growth forecast for 2025</a>&nbsp;&nbsp;<font color=""#6f6f6f"">MSN</font>'}","{'href': 'https://www.msn.com', 'title': 'MSN'}",[]
24,Swedish Government Cuts Growth View as Economic Woes Linger - BNN Bloomberg,"{'type': 'text/plain', 'language': None, 'base': '', 'value': 'Swedish Government Cuts Growth View as Economic Woes Linger - BNN Bloomberg'}","[{'rel': 'alternate', 'type': 'text/html', 'href': 'https://news.google.com/rss/articles/CBMivgFBVV95cUxOTXRINEhoT082ZHBhYzcxQnhQc3dfQU8tb2VybGFjdzI0UEhvQW51MGpnMGRvcVF5U2dqVy0wX1o3YVJCaTd3U190RjdiaVZJbzFuclpwVEZGaDRVODU2WDVrQzM4by1NQURxTTNITUVvZ1FVUFNCcXJ6blFzN0lmNG5wWEVRMVF6ZnJlR2lxejlJMHdJOUxqc0pCWWpsdDdWYTlUVVlreEp1ejl4ekI2dzM5ZkRtM0JtcVdmZFB3?oc=5'}]",https://news.google.com/rss/articles/CBMivgFBVV95cUxOTXRINEhoT082ZHBhYzcxQnhQc3dfQU8tb2VybGFjdzI0UEhvQW51MGpnMGRvcVF5U2dqVy0wX1o3YVJCaTd3U190RjdiaVZJbzFuclpwVEZGaDRVODU2WDVrQzM4by1NQURxTTNITUVvZ1FVUFNCcXJ6blFzN0lmNG5wWEVRMVF6ZnJlR2lxejlJMHdJOUxqc0pCWWpsdDdWYTlUVVlreEp1ejl4ekI2dzM5ZkRtM0JtcVdmZFB3?oc=5,CBMivgFBVV95cUxOTXRINEhoT082ZHBhYzcxQnhQc3dfQU8tb2VybGFjdzI0UEhvQW51MGpnMGRvcVF5U2dqVy0wX1o3YVJCaTd3U190RjdiaVZJbzFuclpwVEZGaDRVODU2WDVrQzM4by1NQURxTTNITUVvZ1FVUFNCcXJ6blFzN0lmNG5wWEVRMVF6ZnJlR2lxejlJMHdJOUxqc0pCWWpsdDdWYTlUVVlreEp1ejl4ekI2dzM5ZkRtM0JtcVdmZFB3,False,"Wed, 18 Dec 2024 11:10:05 GMT","time.struct_time(tm_year=2024, tm_mon=12, tm_mday=18, tm_hour=11, tm_min=10, tm_sec=5, tm_wday=2, tm_yday=353, tm_isdst=0)","<a href=""https://news.google.com/rss/articles/CBMivgFBVV95cUxOTXRINEhoT082ZHBhYzcxQnhQc3dfQU8tb2VybGFjdzI0UEhvQW51MGpnMGRvcVF5U2dqVy0wX1o3YVJCaTd3U190RjdiaVZJbzFuclpwVEZGaDRVODU2WDVrQzM4by1NQURxTTNITUVvZ1FVUFNCcXJ6blFzN0lmNG5wWEVRMVF6ZnJlR2lxejlJMHdJOUxqc0pCWWpsdDdWYTlUVVlreEp1ejl4ekI2dzM5ZkRtM0JtcVdmZFB3?oc=5"" target=""_blank"">Swedish Government Cuts Growth View as Economic Woes Linger</a>&nbsp;&nbsp;<font color=""#6f6f6f"">BNN Bloomberg</font>","{'type': 'text/html', 'language': None, 'base': '', 'value': '<a href=""https://news.google.com/rss/articles/CBMivgFBVV95cUxOTXRINEhoT082ZHBhYzcxQnhQc3dfQU8tb2VybGFjdzI0UEhvQW51MGpnMGRvcVF5U2dqVy0wX1o3YVJCaTd3U190RjdiaVZJbzFuclpwVEZGaDRVODU2WDVrQzM4by1NQURxTTNITUVvZ1FVUFNCcXJ6blFzN0lmNG5wWEVRMVF6ZnJlR2lxejlJMHdJOUxqc0pCWWpsdDdWYTlUVVlreEp1ejl4ekI2dzM5ZkRtM0JtcVdmZFB3?oc=5"" target=""_blank"">Swedish Government Cuts Growth View as Economic Woes Linger</a>&nbsp;&nbsp;<font color=""#6f6f6f"">BNN Bloomberg</font>'}","{'href': 'https://www.bnnbloomberg.ca', 'title': 'BNN Bloomberg'}",[]
25,How technology could be used to empower family members - ABS-CBN.COM,"{'type': 'text/plain', 'language': None, 'base': '', 'value': 'How technology could be used to empower family members - ABS-CBN.COM'}","[{'rel': 'alternate', 'type': 'text/html', 'href': 'https://news.google.com/rss/articles/CBMirAFBVV95cUxPaG1EWXZpTjdIQ2ZpbUZGbUpGcnZQaHI1WEF4VUFfdEs3ZEp6RWdsZFc3ZG9kU1gyWEJPcUJHbHdoWnZMcUtxU3NIdmFPVml0T0VsVF9NWmg4elpUR0Nzd2NacWhKNnFRalpCbVpXcjE0RFkwOVNlRkduemhHTEtpUnJKaDNCell5NjRvVTZkdS05cHdEZWJqVi1PVENpeXRuVW9vT0dXV0FNNk41?oc=5'}]",https://news.google.com/rss/articles/CBMirAFBVV95cUxPaG1EWXZpTjdIQ2ZpbUZGbUpGcnZQaHI1WEF4VUFfdEs3ZEp6RWdsZFc3ZG9kU1gyWEJPcUJHbHdoWnZMcUtxU3NIdmFPVml0T0VsVF9NWmg4elpUR0Nzd2NacWhKNnFRalpCbVpXcjE0RFkwOVNlRkduemhHTEtpUnJKaDNCell5NjRvVTZkdS05cHdEZWJqVi1PVENpeXRuVW9vT0dXV0FNNk41?oc=5,CBMirAFBVV95cUxPaG1EWXZpTjdIQ2ZpbUZGbUpGcnZQaHI1WEF4VUFfdEs3ZEp6RWdsZFc3ZG9kU1gyWEJPcUJHbHdoWnZMcUtxU3NIdmFPVml0T0VsVF9NWmg4elpUR0Nzd2NacWhKNnFRalpCbVpXcjE0RFkwOVNlRkduemhHTEtpUnJKaDNCell5NjRvVTZkdS05cHdEZWJqVi1PVENpeXRuVW9vT0dXV0FNNk41,False,"Thu, 12 Dec 2024 14:09:08 GMT","time.struct_time(tm_year=2024, tm_mon=12, tm_mday=12, tm_hour=14, tm_min=9, tm_sec=8, tm_wday=3, tm_yday=347, tm_isdst=0)","<a href=""https://news.google.com/rss/articles/CBMirAFBVV95cUxPaG1EWXZpTjdIQ2ZpbUZGbUpGcnZQaHI1WEF4VUFfdEs3ZEp6RWdsZFc3ZG9kU1gyWEJPcUJHbHdoWnZMcUtxU3NIdmFPVml0T0VsVF9NWmg4elpUR0Nzd2NacWhKNnFRalpCbVpXcjE0RFkwOVNlRkduemhHTEtpUnJKaDNCell5NjRvVTZkdS05cHdEZWJqVi1PVENpeXRuVW9vT0dXV0FNNk41?oc=5"" target=""_blank"">How technology could be used to empower family members</a>&nbsp;&nbsp;<font color=""#6f6f6f"">ABS-CBN.COM</font>","{'type': 'text/html', 'language': None, 'base': '', 'value': '<a href=""https://news.google.com/rss/articles/CBMirAFBVV95cUxPaG1EWXZpTjdIQ2ZpbUZGbUpGcnZQaHI1WEF4VUFfdEs3ZEp6RWdsZFc3ZG9kU1gyWEJPcUJHbHdoWnZMcUtxU3NIdmFPVml0T0VsVF9NWmg4elpUR0Nzd2NacWhKNnFRalpCbVpXcjE0RFkwOVNlRkduemhHTEtpUnJKaDNCell5NjRvVTZkdS05cHdEZWJqVi1PVENpeXRuVW9vT0dXV0FNNk41?oc=5"" target=""_blank"">How technology could be used to empower family members</a>&nbsp;&nbsp;<font color=""#6f6f6f"">ABS-CBN.COM</font>'}","{'href': 'https://www.abs-cbn.com', 'title': 'ABS-CBN.COM'}",[]
26,The Swedish government will dispose of hazardous waste - Telegrafi,"{'type': 'text/plain', 'language': None, 'base': '', 'value': 'The Swedish government will dispose of hazardous waste - Telegrafi'}","[{'rel': 'alternate', 'type': 'text/html', 'href': 'https://news.google.com/rss/articles/CBMihwFBVV95cUxNTV9yVFNsN1JCVkdpWjVYMFRBTWM2NU90NlJPYVNUcGt3UzRqT2FzOEtfbzdacUdlc1JtS3A2elRkWElKVTM0VFYyYmhjSkxfQmZoZ01zR25YSF9GWnNrVjdTX3VSYmEwZndZZXItemlQektKZWFwLWVjY2VPd0pHVjdZS2tULU3SAYwBQVVfeXFMTlRUUWU4NHloSzZ5ejZYb1YtYTNRMDZqd2lQWk1WbElGU3V2YUlWQnZ2NEtzSXRHd0o3SHZ1TEVGMHFaZm9MMmNtZVo0Y2o2YklQUm9Rc0VmMzhnc0xXWjJkNHJ2aHZZRFY3NkR1LXQwUEFaU1RFNnA5dHdpdExQY2FmZ2VGSHN3ajFfME8?oc=5'}]",https://news.google.com/rss/articles/CBMihwFBVV95cUxNTV9yVFNsN1JCVkdpWjVYMFRBTWM2NU90NlJPYVNUcGt3UzRqT2FzOEtfbzdacUdlc1JtS3A2elRkWElKVTM0VFYyYmhjSkxfQmZoZ01zR25YSF9GWnNrVjdTX3VSYmEwZndZZXItemlQektKZWFwLWVjY2VPd0pHVjdZS2tULU3SAYwBQVVfeXFMTlRUUWU4NHloSzZ5ejZYb1YtYTNRMDZqd2lQWk1WbElGU3V2YUlWQnZ2NEtzSXRHd0o3SHZ1TEVGMHFaZm9MMmNtZVo0Y2o2YklQUm9Rc0VmMzhnc0xXWjJkNHJ2aHZZRFY3NkR1LXQwUEFaU1RFNnA5dHdpdExQY2FmZ2VGSHN3ajFfME8?oc=5,CBMihwFBVV95cUxNTV9yVFNsN1JCVkdpWjVYMFRBTWM2NU90NlJPYVNUcGt3UzRqT2FzOEtfbzdacUdlc1JtS3A2elRkWElKVTM0VFYyYmhjSkxfQmZoZ01zR25YSF9GWnNrVjdTX3VSYmEwZndZZXItemlQektKZWFwLWVjY2VPd0pHVjdZS2tULU3SAYwBQVVfeXFMTlRUUWU4NHloSzZ5ejZYb1YtYTNRMDZqd2lQWk1WbElGU3V2YUlWQnZ2NEtzSXRHd0o3SHZ1TEVGMHFaZm9MMmNtZVo0Y2o2YklQUm9Rc0VmMzhnc0xXWjJkNHJ2aHZZRFY3NkR1LXQwUEFaU1RFNnA5dHdpdExQY2FmZ2VGSHN3ajFfME8,False,"Tue, 17 Dec 2024 01:21:42 GMT","time.struct_time(tm_year=2024, tm_mon=12, tm_mday=17, tm_hour=1, tm_min=21, tm_sec=42, tm_wday=1, tm_yday=352, tm_isdst=0)","<a href=""https://news.google.com/rss/articles/CBMihwFBVV95cUxNTV9yVFNsN1JCVkdpWjVYMFRBTWM2NU90NlJPYVNUcGt3UzRqT2FzOEtfbzdacUdlc1JtS3A2elRkWElKVTM0VFYyYmhjSkxfQmZoZ01zR25YSF9GWnNrVjdTX3VSYmEwZndZZXItemlQektKZWFwLWVjY2VPd0pHVjdZS2tULU3SAYwBQVVfeXFMTlRUUWU4NHloSzZ5ejZYb1YtYTNRMDZqd2lQWk1WbElGU3V2YUlWQnZ2NEtzSXRHd0o3SHZ1TEVGMHFaZm9MMmNtZVo0Y2o2YklQUm9Rc0VmMzhnc0xXWjJkNHJ2aHZZRFY3NkR1LXQwUEFaU1RFNnA5dHdpdExQY2FmZ2VGSHN3ajFfME8?oc=5"" target=""_blank"">The Swedish government will dispose of hazardous waste</a>&nbsp;&nbsp;<font color=""#6f6f6f"">Telegrafi</font>","{'type': 'text/html', 'language': None, 'base': '', 'value': '<a href=""https://news.google.com/rss/articles/CBMihwFBVV95cUxNTV9yVFNsN1JCVkdpWjVYMFRBTWM2NU90NlJPYVNUcGt3UzRqT2FzOEtfbzdacUdlc1JtS3A2elRkWElKVTM0VFYyYmhjSkxfQmZoZ01zR25YSF9GWnNrVjdTX3VSYmEwZndZZXItemlQektKZWFwLWVjY2VPd0pHVjdZS2tULU3SAYwBQVVfeXFMTlRUUWU4NHloSzZ5ejZYb1YtYTNRMDZqd2lQWk1WbElGU3V2YUlWQnZ2NEtzSXRHd0o3SHZ1TEVGMHFaZm9MMmNtZVo0Y2o2YklQUm9Rc0VmMzhnc0xXWjJkNHJ2aHZZRFY3NkR1LXQwUEFaU1RFNnA5dHdpdExQY2FmZ2VGSHN3ajFfME8?oc=5"" target=""_blank"">The Swedish government will dispose of hazardous waste</a>&nbsp;&nbsp;<font color=""#6f6f6f"">Telegrafi</font>'}","{'href': 'https://telegrafi.com', 'title': 'Telegrafi'}",[]
27,Riksbank Cuts Rate by Quarter Point With Easing Nearing End - BNN Bloomberg,"{'type': 'text/plain', 'language': None, 'base': '', 'value': 'Riksbank Cuts Rate by Quarter Point With Easing Nearing End - BNN Bloomberg'}","[{'rel': 'alternate', 'type': 'text/html', 'href': 'https://news.google.com/rss/articles/CBMioAFBVV95cUxQTXpaSEl4bVhjRVkxVHh3aHN3eWlxbnAwRXZtVVVzXzczdFI5ZGRlVzZqVVdMWG91SjhTZjU2SE5JY2pMaEVhWjJGb2JLU1BwUWJkVnFEWDU2bGRkN0gyUURPZ09YaXBZVy1zNk9pMlJvSVZrYnFydGtCZk00VE12MDlwNDhfdEpSaVpSeFAxSmx1ejZHWWZ2alkxY09Qb1hT?oc=5'}]",https://news.google.com/rss/articles/CBMioAFBVV95cUxQTXpaSEl4bVhjRVkxVHh3aHN3eWlxbnAwRXZtVVVzXzczdFI5ZGRlVzZqVVdMWG91SjhTZjU2SE5JY2pMaEVhWjJGb2JLU1BwUWJkVnFEWDU2bGRkN0gyUURPZ09YaXBZVy1zNk9pMlJvSVZrYnFydGtCZk00VE12MDlwNDhfdEpSaVpSeFAxSmx1ejZHWWZ2alkxY09Qb1hT?oc=5,CBMioAFBVV95cUxQTXpaSEl4bVhjRVkxVHh3aHN3eWlxbnAwRXZtVVVzXzczdFI5ZGRlVzZqVVdMWG91SjhTZjU2SE5JY2pMaEVhWjJGb2JLU1BwUWJkVnFEWDU2bGRkN0gyUURPZ09YaXBZVy1zNk9pMlJvSVZrYnFydGtCZk00VE12MDlwNDhfdEpSaVpSeFAxSmx1ejZHWWZ2alkxY09Qb1hT,False,"Thu, 19 Dec 2024 08:49:24 GMT","time.struct_time(tm_year=2024, tm_mon=12, tm_mday=19, tm_hour=8, tm_min=49, tm_sec=24, tm_wday=3, tm_yday=354, tm_isdst=0)","<a href=""https://news.google.com/rss/articles/CBMioAFBVV95cUxQTXpaSEl4bVhjRVkxVHh3aHN3eWlxbnAwRXZtVVVzXzczdFI5ZGRlVzZqVVdMWG91SjhTZjU2SE5JY2pMaEVhWjJGb2JLU1BwUWJkVnFEWDU2bGRkN0gyUURPZ09YaXBZVy1zNk9pMlJvSVZrYnFydGtCZk00VE12MDlwNDhfdEpSaVpSeFAxSmx1ejZHWWZ2alkxY09Qb1hT?oc=5"" target=""_blank"">Riksbank Cuts Rate by Quarter Point With Easing Nearing End</a>&nbsp;&nbsp;<font color=""#6f6f6f"">BNN Bloomberg</font>","{'type': 'text/html', 'language': None, 'base': '', 'value': '<a href=""https://news.google.com/rss/articles/CBMioAFBVV95cUxQTXpaSEl4bVhjRVkxVHh3aHN3eWlxbnAwRXZtVVVzXzczdFI5ZGRlVzZqVVdMWG91SjhTZjU2SE5JY2pMaEVhWjJGb2JLU1BwUWJkVnFEWDU2bGRkN0gyUURPZ09YaXBZVy1zNk9pMlJvSVZrYnFydGtCZk00VE12MDlwNDhfdEpSaVpSeFAxSmx1ejZHWWZ2alkxY09Qb1hT?oc=5"" target=""_blank"">Riksbank Cuts Rate by Quarter Point With Easing Nearing End</a>&nbsp;&nbsp;<font color=""#6f6f6f"">BNN Bloomberg</font>'}","{'href': 'http://www.bnn.ca', 'title': 'BNN Bloomberg'}",[]
28,"PostLDC era Dhaka seeks dutyfree access for BD products in Sweden - Finance News: Latest Financial News, Finance News today in Bangladesh","{'type': 'text/plain', 'language': None, 'base': '', 'value': 'PostLDC era Dhaka seeks dutyfree access for BD products in Sweden - Finance News: Latest Financial News, Finance News today in Bangladesh'}","[{'rel': 'alternate', 'type': 'text/html', 'href': 'https://news.google.com/rss/articles/CBMizAFBVV95cUxOT3MtSTFWRm9jN19nbjZBd19HcUpfTkQ3bVJsa0FTRWhNYzFtRDgzekVZTnFrMVdxbF9IS1QtYko1OXRfRXBiYUJscUZ4djQ2WnB3a1NwMEZRYncxdnhmZGs5YUIyZ0hXN19kVk9Dc0ZjS2ZkR3ZwRWJpUDJYWmVlOWRIbzJ1eC0zQ2lMVENLVVFfMUlPOGRGOFRXa1FHUWtRQjRJbHk0T3ZuZWNfUXM0Wm1XRFBubl9pOGQtNkd1RVpKcUNvaVRwd0d3RHPSAdgBQVVfeXFMTmZrV0RZZjNReGZwWFc3RERKeDdNUHJTOXAxdW5manVna1FKLVBSZ2ZSRlc0QndfZ1dydVJpb3lVeFAxZXRidHdPNC1nTENLMGpyQXN6dEdQYmRNbnlCSksxS0wxemFkclFvQlpvOEJxcDY3aTJMdHhFMGlqaU1sS2NqUHExTU1KSUJ2djRhLWFJQ0xTN2FZRFY0VVYwNzJVclFURl93NjZiR0pSaXlpdHRsM3BKZlFEOGFGWFU1V1A0WlBuT3Zfbmg5SlI2eTJ3MGtQX2UzNWRp?oc=5'}]",https://news.google.com/rss/articles/CBMizAFBVV95cUxOT3MtSTFWRm9jN19nbjZBd19HcUpfTkQ3bVJsa0FTRWhNYzFtRDgzekVZTnFrMVdxbF9IS1QtYko1OXRfRXBiYUJscUZ4djQ2WnB3a1NwMEZRYncxdnhmZGs5YUIyZ0hXN19kVk9Dc0ZjS2ZkR3ZwRWJpUDJYWmVlOWRIbzJ1eC0zQ2lMVENLVVFfMUlPOGRGOFRXa1FHUWtRQjRJbHk0T3ZuZWNfUXM0Wm1XRFBubl9pOGQtNkd1RVpKcUNvaVRwd0d3RHPSAdgBQVVfeXFMTmZrV0RZZjNReGZwWFc3RERKeDdNUHJTOXAxdW5manVna1FKLVBSZ2ZSRlc0QndfZ1dydVJpb3lVeFAxZXRidHdPNC1nTENLMGpyQXN6dEdQYmRNbnlCSksxS0wxemFkclFvQlpvOEJxcDY3aTJMdHhFMGlqaU1sS2NqUHExTU1KSUJ2djRhLWFJQ0xTN2FZRFY0VVYwNzJVclFURl93NjZiR0pSaXlpdHRsM3BKZlFEOGFGWFU1V1A0WlBuT3Zfbmg5SlI2eTJ3MGtQX2UzNWRp?oc=5,CBMizAFBVV95cUxOT3MtSTFWRm9jN19nbjZBd19HcUpfTkQ3bVJsa0FTRWhNYzFtRDgzekVZTnFrMVdxbF9IS1QtYko1OXRfRXBiYUJscUZ4djQ2WnB3a1NwMEZRYncxdnhmZGs5YUIyZ0hXN19kVk9Dc0ZjS2ZkR3ZwRWJpUDJYWmVlOWRIbzJ1eC0zQ2lMVENLVVFfMUlPOGRGOFRXa1FHUWtRQjRJbHk0T3ZuZWNfUXM0Wm1XRFBubl9pOGQtNkd1RVpKcUNvaVRwd0d3RHPSAdgBQVVfeXFMTmZrV0RZZjNReGZwWFc3RERKeDdNUHJTOXAxdW5manVna1FKLVBSZ2ZSRlc0QndfZ1dydVJpb3lVeFAxZXRidHdPNC1nTENLMGpyQXN6dEdQYmRNbnlCSksxS0wxemFkclFvQlpvOEJxcDY3aTJMdHhFMGlqaU1sS2NqUHExTU1KSUJ2djRhLWFJQ0xTN2FZRFY0VVYwNzJVclFURl93NjZiR0pSaXlpdHRsM3BKZlFEOGFGWFU1V1A0WlBuT3Zfbmg5SlI2eTJ3MGtQX2UzNWRp,False,"Wed, 18 Dec 2024 18:02:21 GMT","time.struct_time(tm_year=2024, tm_mon=12, tm_mday=18, tm_hour=18, tm_min=2, tm_sec=21, tm_wday=2, tm_yday=353, tm_isdst=0)","<a href=""https://news.google.com/rss/articles/CBMizAFBVV95cUxOT3MtSTFWRm9jN19nbjZBd19HcUpfTkQ3bVJsa0FTRWhNYzFtRDgzekVZTnFrMVdxbF9IS1QtYko1OXRfRXBiYUJscUZ4djQ2WnB3a1NwMEZRYncxdnhmZGs5YUIyZ0hXN19kVk9Dc0ZjS2ZkR3ZwRWJpUDJYWmVlOWRIbzJ1eC0zQ2lMVENLVVFfMUlPOGRGOFRXa1FHUWtRQjRJbHk0T3ZuZWNfUXM0Wm1XRFBubl9pOGQtNkd1RVpKcUNvaVRwd0d3RHPSAdgBQVVfeXFMTmZrV0RZZjNReGZwWFc3RERKeDdNUHJTOXAxdW5manVna1FKLVBSZ2ZSRlc0QndfZ1dydVJpb3lVeFAxZXRidHdPNC1nTENLMGpyQXN6dEdQYmRNbnlCSksxS0wxemFkclFvQlpvOEJxcDY3aTJMdHhFMGlqaU1sS2NqUHExTU1KSUJ2djRhLWFJQ0xTN2FZRFY0VVYwNzJVclFURl93NjZiR0pSaXlpdHRsM3BKZlFEOGFGWFU1V1A0WlBuT3Zfbmg5SlI2eTJ3MGtQX2UzNWRp?oc=5"" target=""_blank"">PostLDC era Dhaka seeks dutyfree access for BD products in Sweden</a>&nbsp;&nbsp;<font color=""#6f6f6f"">Finance News: Latest Financial News, Finance News today in Bangladesh</font>","{'type': 'text/html', 'language': None, 'base': '', 'value': '<a href=""https://news.google.com/rss/articles/CBMizAFBVV95cUxOT3MtSTFWRm9jN19nbjZBd19HcUpfTkQ3bVJsa0FTRWhNYzFtRDgzekVZTnFrMVdxbF9IS1QtYko1OXRfRXBiYUJscUZ4djQ2WnB3a1NwMEZRYncxdnhmZGs5YUIyZ0hXN19kVk9Dc0ZjS2ZkR3ZwRWJpUDJYWmVlOWRIbzJ1eC0zQ2lMVENLVVFfMUlPOGRGOFRXa1FHUWtRQjRJbHk0T3ZuZWNfUXM0Wm1XRFBubl9pOGQtNkd1RVpKcUNvaVRwd0d3RHPSAdgBQVVfeXFMTmZrV0RZZjNReGZwWFc3RERKeDdNUHJTOXAxdW5manVna1FKLVBSZ2ZSRlc0QndfZ1dydVJpb3lVeFAxZXRidHdPNC1nTENLMGpyQXN6dEdQYmRNbnlCSksxS0wxemFkclFvQlpvOEJxcDY3aTJMdHhFMGlqaU1sS2NqUHExTU1KSUJ2djRhLWFJQ0xTN2FZRFY0VVYwNzJVclFURl93NjZiR0pSaXlpdHRsM3BKZlFEOGFGWFU1V1A0WlBuT3Zfbmg5SlI2eTJ3MGtQX2UzNWRp?oc=5"" target=""_blank"">PostLDC era Dhaka seeks dutyfree access for BD products in Sweden</a>&nbsp;&nbsp;<font color=""#6f6f6f"">Finance News: Latest Financial News, Finance News today in Bangladesh</font>'}","{'href': 'https://today.thefinancialexpress.com.bd', 'title': 'Finance News: Latest Financial News, Finance News today in Bangladesh'}",[]
29,"Musika supports 430,000 Farmers with finance - ZNBC","{'type': 'text/plain', 'language': None, 'base': '', 'value': 'Musika supports 430,000 Farmers with finance - ZNBC'}","[{'rel': 'alternate', 'type': 'text/html', 'href': 'https://news.google.com/rss/articles/CBMiekFVX3lxTFBXc1dIRVRoREFwQkpRcWJmN2dDV1RSNzVGNkU2YTkxbGMzTFk4VVlFX3NWZWdPUkRQZGhGbTh2bU5xWWtYV1FvcXcyRTBHUU9YbGJPblV6Q0NKOU5xZFNUWFVtZjhuU1BvR1d0VHhzd1BQQTBrcFEtRWJR?oc=5'}]",https://news.google.com/rss/articles/CBMiekFVX3lxTFBXc1dIRVRoREFwQkpRcWJmN2dDV1RSNzVGNkU2YTkxbGMzTFk4VVlFX3NWZWdPUkRQZGhGbTh2bU5xWWtYV1FvcXcyRTBHUU9YbGJPblV6Q0NKOU5xZFNUWFVtZjhuU1BvR1d0VHhzd1BQQTBrcFEtRWJR?oc=5,CBMiekFVX3lxTFBXc1dIRVRoREFwQkpRcWJmN2dDV1RSNzVGNkU2YTkxbGMzTFk4VVlFX3NWZWdPUkRQZGhGbTh2bU5xWWtYV1FvcXcyRTBHUU9YbGJPblV6Q0NKOU5xZFNUWFVtZjhuU1BvR1d0VHhzd1BQQTBrcFEtRWJR,False,"Wed, 18 Dec 2024 11:50:37 GMT","time.struct_time(tm_year=2024, tm_mon=12, tm_mday=18, tm_hour=11, tm_min=50, tm_sec=37, tm_wday=2, tm_yday=353, tm_isdst=0)","<a href=""https://news.google.com/rss/articles/CBMiekFVX3lxTFBXc1dIRVRoREFwQkpRcWJmN2dDV1RSNzVGNkU2YTkxbGMzTFk4VVlFX3NWZWdPUkRQZGhGbTh2bU5xWWtYV1FvcXcyRTBHUU9YbGJPblV6Q0NKOU5xZFNUWFVtZjhuU1BvR1d0VHhzd1BQQTBrcFEtRWJR?oc=5"" target=""_blank"">Musika supports 430,000 Farmers with finance</a>&nbsp;&nbsp;<font color=""#6f6f6f"">ZNBC</font>","{'type': 'text/html', 'language': None, 'base': '', 'value': '<a href=""https://news.google.com/rss/articles/CBMiekFVX3lxTFBXc1dIRVRoREFwQkpRcWJmN2dDV1RSNzVGNkU2YTkxbGMzTFk4VVlFX3NWZWdPUkRQZGhGbTh2bU5xWWtYV1FvcXcyRTBHUU9YbGJPblV6Q0NKOU5xZFNUWFVtZjhuU1BvR1d0VHhzd1BQQTBrcFEtRWJR?oc=5"" target=""_blank"">Musika supports 430,000 Farmers with finance</a>&nbsp;&nbsp;<font color=""#6f6f6f"">ZNBC</font>'}","{'href': 'https://znbc.co.zm', 'title': 'ZNBC'}",[]
30,Sweden's Interest Rates Expected To Drop Again - Evrim Ağacı,"{'type': 'text/plain', 'language': None, 'base': '', 'value': ""Sweden's Interest Rates Expected To Drop Again - Evrim Ağacı""}","[{'rel': 'alternate', 'type': 'text/html', 'href': 'https://news.google.com/rss/articles/CBMihAFBVV95cUxOcDFua1JoQ2dNODNfY2JrSWtTQ3gyOW5WMVNqdm5PX0Z0LTl2VDZveUd2MHNGbkVzZm54SG1RdFFDdF9Gd1VoRGpUWnZJM1RGM0JqeEpoSHN4NVd4bFAwZWFmaXRlQWZwNlBPb0trQVlDZW4tSXI0d1NHN0pxSnZLRFdxemE?oc=5'}]",https://news.google.com/rss/articles/CBMihAFBVV95cUxOcDFua1JoQ2dNODNfY2JrSWtTQ3gyOW5WMVNqdm5PX0Z0LTl2VDZveUd2MHNGbkVzZm54SG1RdFFDdF9Gd1VoRGpUWnZJM1RGM0JqeEpoSHN4NVd4bFAwZWFmaXRlQWZwNlBPb0trQVlDZW4tSXI0d1NHN0pxSnZLRFdxemE?oc=5,CBMihAFBVV95cUxOcDFua1JoQ2dNODNfY2JrSWtTQ3gyOW5WMVNqdm5PX0Z0LTl2VDZveUd2MHNGbkVzZm54SG1RdFFDdF9Gd1VoRGpUWnZJM1RGM0JqeEpoSHN4NVd4bFAwZWFmaXRlQWZwNlBPb0trQVlDZW4tSXI0d1NHN0pxSnZLRFdxemE,False,"Mon, 16 Dec 2024 14:38:35 GMT","time.struct_time(tm_year=2024, tm_mon=12, tm_mday=16, tm_hour=14, tm_min=38, tm_sec=35, tm_wday=0, tm_yday=351, tm_isdst=0)","<a href=""https://news.google.com/rss/articles/CBMihAFBVV95cUxOcDFua1JoQ2dNODNfY2JrSWtTQ3gyOW5WMVNqdm5PX0Z0LTl2VDZveUd2MHNGbkVzZm54SG1RdFFDdF9Gd1VoRGpUWnZJM1RGM0JqeEpoSHN4NVd4bFAwZWFmaXRlQWZwNlBPb0trQVlDZW4tSXI0d1NHN0pxSnZLRFdxemE?oc=5"" target=""_blank"">Sweden's Interest Rates Expected To Drop Again</a>&nbsp;&nbsp;<font color=""#6f6f6f"">Evrim Ağacı</font>","{'type': 'text/html', 'language': None, 'base': '', 'value': '<a href=""https://news.google.com/rss/articles/CBMihAFBVV95cUxOcDFua1JoQ2dNODNfY2JrSWtTQ3gyOW5WMVNqdm5PX0Z0LTl2VDZveUd2MHNGbkVzZm54SG1RdFFDdF9Gd1VoRGpUWnZJM1RGM0JqeEpoSHN4NVd4bFAwZWFmaXRlQWZwNlBPb0trQVlDZW4tSXI0d1NHN0pxSnZLRFdxemE?oc=5"" target=""_blank"">Sweden\'s Interest Rates Expected To Drop Again</a>&nbsp;&nbsp;<font color=""#6f6f6f"">Evrim Ağacı</font>'}","{'href': 'https://evrimagaci.org', 'title': 'Evrim Ağacı'}",[]
31,"2nd India-Sweden Sustainability Day 2024 Ushers In A New Era Of Green Initiatives - NewsOrbit - Latest News, - NewsOrbit","{'type': 'text/plain', 'language': None, 'base': '', 'value': '2nd India-Sweden Sustainability Day 2024 Ushers In A New Era Of Green Initiatives - NewsOrbit - Latest News, - NewsOrbit'}","[{'rel': 'alternate', 'type': 'text/html', 'href': 'https://news.google.com/rss/articles/CBMivAFBVV95cUxQWEZuam5EbEZOT0R2d0pEbktEbERWSTRhZlpyWkJYX29STk83UVlXY1ZTRUhrbUFSVF82QTY3bGs2VEVfYTRySFk5TldYTm9GTHZRWi1EWVpteGtQeUNwRlFwQXgteVRtS0lwZEZvOUZnT1pMbDVmNVFKUjctVm5Xa0xJbkwyNmtpZFM1Z0ZzS2dpMF9uV0pZbFFfYkRRRjV1enRDRXR1OERmY1BYaDNpTzBqa2EzX19LNS0tMtIBwgFBVV95cUxPV0hNWjR6N0ZaNUNrRzJUdmk5OEVYSFFNZUducUt3VHRYdDhpMVVxelQtSkFLQ0I4ajl3YzAzYXloQ2c2YW50WElPWjJ2ejRWSzlobWoxOTMzSVJWRXFCUHdBYWtCZTVKOUJnZllaZ09iZXRKNms1TVNwMVNkQnhneWZGZTdUbUpuOFJ1a2EtTVR0ZU1zR1JNaVJheFJCaFhLb2FKV3BnUl96cUZzYThfRzhUdGk1Z3BpLWpfdWlxckZLQQ?oc=5'}]",https://news.google.com/rss/articles/CBMivAFBVV95cUxQWEZuam5EbEZOT0R2d0pEbktEbERWSTRhZlpyWkJYX29STk83UVlXY1ZTRUhrbUFSVF82QTY3bGs2VEVfYTRySFk5TldYTm9GTHZRWi1EWVpteGtQeUNwRlFwQXgteVRtS0lwZEZvOUZnT1pMbDVmNVFKUjctVm5Xa0xJbkwyNmtpZFM1Z0ZzS2dpMF9uV0pZbFFfYkRRRjV1enRDRXR1OERmY1BYaDNpTzBqa2EzX19LNS0tMtIBwgFBVV95cUxPV0hNWjR6N0ZaNUNrRzJUdmk5OEVYSFFNZUducUt3VHRYdDhpMVVxelQtSkFLQ0I4ajl3YzAzYXloQ2c2YW50WElPWjJ2ejRWSzlobWoxOTMzSVJWRXFCUHdBYWtCZTVKOUJnZllaZ09iZXRKNms1TVNwMVNkQnhneWZGZTdUbUpuOFJ1a2EtTVR0ZU1zR1JNaVJheFJCaFhLb2FKV3BnUl96cUZzYThfRzhUdGk1Z3BpLWpfdWlxckZLQQ?oc=5,CBMivAFBVV95cUxQWEZuam5EbEZOT0R2d0pEbktEbERWSTRhZlpyWkJYX29STk83UVlXY1ZTRUhrbUFSVF82QTY3bGs2VEVfYTRySFk5TldYTm9GTHZRWi1EWVpteGtQeUNwRlFwQXgteVRtS0lwZEZvOUZnT1pMbDVmNVFKUjctVm5Xa0xJbkwyNmtpZFM1Z0ZzS2dpMF9uV0pZbFFfYkRRRjV1enRDRXR1OERmY1BYaDNpTzBqa2EzX19LNS0tMtIBwgFBVV95cUxPV0hNWjR6N0ZaNUNrRzJUdmk5OEVYSFFNZUducUt3VHRYdDhpMVVxelQtSkFLQ0I4ajl3YzAzYXloQ2c2YW50WElPWjJ2ejRWSzlobWoxOTMzSVJWRXFCUHdBYWtCZTVKOUJnZllaZ09iZXRKNms1TVNwMVNkQnhneWZGZTdUbUpuOFJ1a2EtTVR0ZU1zR1JNaVJheFJCaFhLb2FKV3BnUl96cUZzYThfRzhUdGk1Z3BpLWpfdWlxckZLQQ,False,"Mon, 16 Dec 2024 16:19:37 GMT","time.struct_time(tm_year=2024, tm_mon=12, tm_mday=16, tm_hour=16, tm_min=19, tm_sec=37, tm_wday=0, tm_yday=351, tm_isdst=0)","<a href=""https://news.google.com/rss/articles/CBMivAFBVV95cUxQWEZuam5EbEZOT0R2d0pEbktEbERWSTRhZlpyWkJYX29STk83UVlXY1ZTRUhrbUFSVF82QTY3bGs2VEVfYTRySFk5TldYTm9GTHZRWi1EWVpteGtQeUNwRlFwQXgteVRtS0lwZEZvOUZnT1pMbDVmNVFKUjctVm5Xa0xJbkwyNmtpZFM1Z0ZzS2dpMF9uV0pZbFFfYkRRRjV1enRDRXR1OERmY1BYaDNpTzBqa2EzX19LNS0tMtIBwgFBVV95cUxPV0hNWjR6N0ZaNUNrRzJUdmk5OEVYSFFNZUducUt3VHRYdDhpMVVxelQtSkFLQ0I4ajl3YzAzYXloQ2c2YW50WElPWjJ2ejRWSzlobWoxOTMzSVJWRXFCUHdBYWtCZTVKOUJnZllaZ09iZXRKNms1TVNwMVNkQnhneWZGZTdUbUpuOFJ1a2EtTVR0ZU1zR1JNaVJheFJCaFhLb2FKV3BnUl96cUZzYThfRzhUdGk1Z3BpLWpfdWlxckZLQQ?oc=5"" target=""_blank"">2nd India-Sweden Sustainability Day 2024 Ushers In A New Era Of Green Initiatives - NewsOrbit - Latest News,</a>&nbsp;&nbsp;<font color=""#6f6f6f"">NewsOrbit</font>","{'type': 'text/html', 'language': None, 'base': '', 'value': '<a href=""https://news.google.com/rss/articles/CBMivAFBVV95cUxQWEZuam5EbEZOT0R2d0pEbktEbERWSTRhZlpyWkJYX29STk83UVlXY1ZTRUhrbUFSVF82QTY3bGs2VEVfYTRySFk5TldYTm9GTHZRWi1EWVpteGtQeUNwRlFwQXgteVRtS0lwZEZvOUZnT1pMbDVmNVFKUjctVm5Xa0xJbkwyNmtpZFM1Z0ZzS2dpMF9uV0pZbFFfYkRRRjV1enRDRXR1OERmY1BYaDNpTzBqa2EzX19LNS0tMtIBwgFBVV95cUxPV0hNWjR6N0ZaNUNrRzJUdmk5OEVYSFFNZUducUt3VHRYdDhpMVVxelQtSkFLQ0I4ajl3YzAzYXloQ2c2YW50WElPWjJ2ejRWSzlobWoxOTMzSVJWRXFCUHdBYWtCZTVKOUJnZllaZ09iZXRKNms1TVNwMVNkQnhneWZGZTdUbUpuOFJ1a2EtTVR0ZU1zR1JNaVJheFJCaFhLb2FKV3BnUl96cUZzYThfRzhUdGk1Z3BpLWpfdWlxckZLQQ?oc=5"" target=""_blank"">2nd India-Sweden Sustainability Day 2024 Ushers In A New Era Of Green Initiatives - NewsOrbit - Latest News,</a>&nbsp;&nbsp;<font color=""#6f6f6f"">NewsOrbit</font>'}","{'href': 'https://newsorbit.news', 'title': 'NewsOrbit'}",[]
32,Sweden is a nearly cashless society – here’s how it affects people who are left out - nation.lk - The Nation Newspaper,"{'type': 'text/plain', 'language': None, 'base': '', 'value': 'Sweden is a nearly cashless society – here’s how it affects people who are left out - nation.lk - The Nation Newspaper'}","[{'rel': 'alternate', 'type': 'text/html', 'href': 'https://news.google.com/rss/articles/CBMivwFBVV95cUxQVXhBU2ZfUXVQSFlXTXRBeGNQR1BDVlZVTFI1bjlZMXZILUZoakRSWDJHY1U1dnkwWnd2TVdMTklXZ2lJTVVRWnI1QnFKV2VrWVJlX0h5dmJKQWtYdXJ5d05lR1prNmFwUTRBVVEyR2VNTGpYLVMzekpJUTFGSTdxTmlVVk1XeHJOSlJ1ckZIRGZYbHVpdUtMMWEyUTJPTk5ZeDl6Mjl0OVY1S3pRdENEdjVvSVNKVXJQaGdOaEYtdw?oc=5'}]",https://news.google.com/rss/articles/CBMivwFBVV95cUxQVXhBU2ZfUXVQSFlXTXRBeGNQR1BDVlZVTFI1bjlZMXZILUZoakRSWDJHY1U1dnkwWnd2TVdMTklXZ2lJTVVRWnI1QnFKV2VrWVJlX0h5dmJKQWtYdXJ5d05lR1prNmFwUTRBVVEyR2VNTGpYLVMzekpJUTFGSTdxTmlVVk1XeHJOSlJ1ckZIRGZYbHVpdUtMMWEyUTJPTk5ZeDl6Mjl0OVY1S3pRdENEdjVvSVNKVXJQaGdOaEYtdw?oc=5,CBMivwFBVV95cUxQVXhBU2ZfUXVQSFlXTXRBeGNQR1BDVlZVTFI1bjlZMXZILUZoakRSWDJHY1U1dnkwWnd2TVdMTklXZ2lJTVVRWnI1QnFKV2VrWVJlX0h5dmJKQWtYdXJ5d05lR1prNmFwUTRBVVEyR2VNTGpYLVMzekpJUTFGSTdxTmlVVk1XeHJOSlJ1ckZIRGZYbHVpdUtMMWEyUTJPTk5ZeDl6Mjl0OVY1S3pRdENEdjVvSVNKVXJQaGdOaEYtdw,False,"Wed, 18 Dec 2024 18:09:51 GMT","time.struct_time(tm_year=2024, tm_mon=12, tm_mday=18, tm_hour=18, tm_min=9, tm_sec=51, tm_wday=2, tm_yday=353, tm_isdst=0)","<a href=""https://news.google.com/rss/articles/CBMivwFBVV95cUxQVXhBU2ZfUXVQSFlXTXRBeGNQR1BDVlZVTFI1bjlZMXZILUZoakRSWDJHY1U1dnkwWnd2TVdMTklXZ2lJTVVRWnI1QnFKV2VrWVJlX0h5dmJKQWtYdXJ5d05lR1prNmFwUTRBVVEyR2VNTGpYLVMzekpJUTFGSTdxTmlVVk1XeHJOSlJ1ckZIRGZYbHVpdUtMMWEyUTJPTk5ZeDl6Mjl0OVY1S3pRdENEdjVvSVNKVXJQaGdOaEYtdw?oc=5"" target=""_blank"">Sweden is a nearly cashless society – here’s how it affects people who are left out</a>&nbsp;&nbsp;<font color=""#6f6f6f"">nation.lk - The Nation Newspaper</font>","{'type': 'text/html', 'language': None, 'base': '', 'value': '<a href=""https://news.google.com/rss/articles/CBMivwFBVV95cUxQVXhBU2ZfUXVQSFlXTXRBeGNQR1BDVlZVTFI1bjlZMXZILUZoakRSWDJHY1U1dnkwWnd2TVdMTklXZ2lJTVVRWnI1QnFKV2VrWVJlX0h5dmJKQWtYdXJ5d05lR1prNmFwUTRBVVEyR2VNTGpYLVMzekpJUTFGSTdxTmlVVk1XeHJOSlJ1ckZIRGZYbHVpdUtMMWEyUTJPTk5ZeDl6Mjl0OVY1S3pRdENEdjVvSVNKVXJQaGdOaEYtdw?oc=5"" target=""_blank"">Sweden is a nearly cashless society – here’s how it affects people who are left out</a>&nbsp;&nbsp;<font color=""#6f6f6f"">nation.lk - The Nation Newspaper</font>'}","{'href': 'https://www.nation.lk', 'title': 'nation.lk - The Nation Newspaper'}",[]
