,title
0,Orbea Orca OMX Custom SRAM Red AXS Build Review - feedthehabit.com
1,"Early Data for OMX-0407 Fuel Expansion Cohorts in RCC, Angiosarcoma - OncLive"
2,New Drug Could Sustain Oxygen-Starved Hearts - ucsf.edu
3,Orbea Oiz OMX: First Ride Review - Bikers Edge
4,"New Firm OMX Ventures, Backed By Billionaire Merieux Family, Comes Out Of Stealth With $150 Million Fund for Bio-Engineering - Forbes"
5,OMX Ventures Adds New Team Members to Expand Investment and Company Creation Activities in $150M Oversubscribed Fund I - Business Wire
6,First Ride Review: Orbea Orca OMX - GRAN FONDO Cycling Magazine
7,European Market Activity - Nasdaq
8,Orbea Orca OMX review - Cyclist
9,Nasdaq OMX Armenia Announces the Listing of the First UCO Securitized Bonds in Armenia - US Embassy in Armenia
10,"First Ride: Orbea Orca OMX, a lightweight aero disc brake-only race-ready bike + video - road.cc"
11,Custom Graphics of Any Kind with OMX - Racer X Online
12,Orbea unveils 2021 Orca - Cyclingnews
13,Orbea Orca OMX M10i LTD D review - BikeRadar
14,iOmx Therapeutics Initiates Phase Ib with OMX-0407 - Yahoo Finance
15,"New Orbea Orca OMX is more aerodynamic, disc brake only, & offers ""street nature"" style - BikeRumor.com"
16,"Mérieux Equity Partners and Korys Announce the Launch of OMX Europe Venture Fund, Dedicated to Venture Investment Within the Healthcare and Nutrition Sectors - Business Wire"
17,The Merger that Rewrote Nasdaq's Tomorrow: Celebrating 10 Years of Nasdaq + OMX - Nasdaq
18,Orbea Orca OMX M10i LTD D review - BikeRadar
19,Orbea adds OMX carbon to its Oiz race bike - BikeRadar
20,Barclays lifts Nasdaq OMX target to $87 on solid Q3 results - Investing.com
21,"2021 Orbea Oiz OMX updates lighter, stiffer race-ready XC bike with TR trail bike alter ego - BikeRumor.com"
22,Bike of the Week | Orbea Orca OMX - BikeRadar
23,First ride review: Orbea Orca 2024 - Outside Magazine
24,Finland stocks lower at close of trade; OMX Helsinki 25 down 0.74% - Investing.com
25,Denmark stocks higher at close of trade; OMX Copenhagen 20 up 0.28% - Investing.com
26,Denmark stocks higher at close of trade; OMX Copenhagen 20 up 1.93% - Investing.com
27,Sweden stocks lower at close of trade; OMX Stockholm 30 down 0.69% - Investing.com
28,Sweden stocks lower at close of trade; OMX Stockholm 30 down 0.45% - Investing.com
29,"Stockholm Stock Exchange (STO) .ST: What it is, How it Works - Investopedia"
30,Finland stocks lower at close of trade; OMX Helsinki 25 down 0.25% - Investing.com
31,Joy Rides: An award-winning 5.2 kg Orbea Orca OMX homebuild - Escape Collective
32,Denmark stocks lower at close of trade; OMX Copenhagen 20 down 3.85% - Investing.com
33,Sweden stocks higher at close of trade; OMX Stockholm 30 up 0.81% - Investing.com
34,Sweden stocks lower at close of trade; OMX Stockholm 30 down 0.82% - Investing.com
35,Denmark stocks lower at close of trade; OMX Copenhagen 20 down 1.16% - Investing.com
36,December: OMX incubator funding | News and features - University of Bristol
37,Sweden stocks higher at close of trade; OMX Stockholm 30 up 0.69% - Investing.com
38,Reimagine Your Bike Graphics with OMX Graphics - Racer X Online
39,Denmark stocks higher at close of trade; OMX Copenhagen 20 up 3.01% - Investing.com
40,Sweden stocks lower at close of trade; OMX Stockholm 30 down 0.07% - Investing.com
41,Sweden stocks higher at close of trade; OMX Stockholm 30 up 0.08% - Investing.com
42,Sweden stocks higher at close of trade; OMX Stockholm 30 up 0.18% - Investing.com
43,OMX’s Nicole Verkindt: failure is an entrepreneur’s biggest teacher - BetaKit - Canadian Startup News
44,Your Bike but Better with OMX Graphics - Vurbmoto
45,Sweden stocks higher at close of trade; OMX Stockholm 30 up 0.71% - Investing.com
46,Denmark stocks lower at close of trade; OMX Copenhagen 20 down 0.41% - Investing.com
47,William Blair starts Nasdaq OMX stock with Outperform rating - Investing.com
48,Sweden stocks lower at close of trade; OMX Stockholm 30 down 0.07% - Investing.com
49,Sweden stocks higher at close of trade; OMX Stockholm 30 up 0.48% - Investing.com
50,Sweden stocks lower at close of trade; OMX Stockholm 30 down 0.54% - Investing.com
51,Finland stocks higher at close of trade; OMX Helsinki 25 up 0.47% - Investing.com
52,"Orbea’s orange Orca OMX, the Basque beauty of Fundación Euskadi, coming to you? - BikeRumor.com"
53,Denmark stocks higher at close of trade; OMX Copenhagen 20 up 1.43% - Investing.com
54,Sweden stocks lower at close of trade; OMX Stockholm 30 down 0.27% - Investing.com
55,iOmx Therapeutics to present new data on lead programs and I/O target screening platform at AACR 2024 - GlobeNewswire
56,Nasdaq says top shareholder Thoma Bravo to sell shares worth $2.8 bln - Reuters
57,Sweden stocks lower at close of trade; OMX Stockholm 30 down 0.56% - Investing.com
58,First Ride: 2023 Orbea Oiz consolidates 10kg 120mm XC Race MTB - BikeRumor.com
59,Denmark stocks lower at close of trade; OMX Copenhagen 20 down 0.45% - Investing.com
60,Sweden stocks higher at close of trade; OMX Stockholm 30 up 0.31% - Investing.com
61,Orbea Orca 2024 first ride review – The renaissance of climbing bikes? - GRAN FONDO Cycling Magazine
62,News and Insights - Nasdaq
63,Finland stocks lower at close of trade; OMX Helsinki 25 down 0.87% - Investing.com
64,Finland stocks lower at close of trade; OMX Helsinki 25 down 0.52% - Investing.com
65,Finland stocks lower at close of trade; OMX Helsinki 25 down 0.03% - Investing.com
66,Finland stocks lower at close of trade; OMX Helsinki 25 down 0.26% - Investing.com
67,Denmark stocks lower at close of trade; OMX Copenhagen 20 down 0.52% - Investing.com
68,Flash crash set off by ‘fat-fingered’ Citigroup trader could cost $50m - The Guardian
69,Denmark stocks lower at close of trade; OMX Copenhagen 20 down 0.63% - Investing.com
70,Nasdaq readjusts in OMX Stockholm Benchmark Index - Marketscreener.com
71,Denmark stocks lower at close of trade; OMX Copenhagen 20 down 1.16% - Investing.com
72,Knight Composites goes off-road with new MTB wheels for Novus OMX Pro Team - BikeRumor.com
73,Finland stocks higher at close of trade; OMX Helsinki 25 up 0.54% - Investing.com
74,H&M (OMX: HM-B) Company Profile - Coresight Research
75,Denmark stocks higher at close of trade; OMX Copenhagen 20 up 1.25% - Investing.com
76,Denmark stocks higher at close of trade; OMX Copenhagen 20 up 0.13% - Investing.com
77,Sweden stocks higher at close of trade; OMX Stockholm 30 up 1.49% - Investing.com
78,Sweden stocks lower at close of trade; OMX Stockholm 30 down 0.36% - Investing.com
79,Denmark stocks higher at close of trade; OMX Copenhagen 20 up 1.08% - Investing.com
80,Finland stocks higher at close of trade; OMX Helsinki 25 up 0.39% - Investing.com
81,Sweden stocks lower at close of trade; OMX Stockholm 30 down 0.16% - Investing.com
82,Denmark stocks lower at close of trade; OMX Copenhagen 20 down 1.12% - Investing.com
83,Denmark stocks higher at close of trade; OMX Copenhagen 20 up 0.08% - Investing.com
84,Finland stocks lower at close of trade; OMX Helsinki 25 down 1.93% - Investing.com
85,Finland stocks lower at close of trade; OMX Helsinki 25 down 1.17% - Investing.com
86,New Orbea Orca first ride review: a lightweight renaissance for the brand's most iconic bike - CyclingWeekly
87,Little Known Way to Easily Beat the Nasdaq - TheStreet
88,Sweden stocks higher at close of trade; OMX Stockholm 30 up 0.49% - Investing.com
89,Denmark stocks lower at close of trade; OMX Copenhagen 20 down 0.13% - Investing.com
90,Finland stocks higher at close of trade; OMX Helsinki 25 up 0.92% - Investing.com
91,Finland stocks higher at close of trade; OMX Helsinki 25 up 0.01% - Investing.com
92,First North Growth Market - Nasdaq
93,Denmark stocks lower at close of trade; OMX Copenhagen 20 down 0.97% - Investing.com
94,Finland stocks lower at close of trade; OMX Helsinki 25 down 1.02% - Investing.com
95,Finland stocks higher at close of trade; OMX Helsinki 25 up 0.79% - Investing.com
96,Lightweight aero is out as Orbea Orca prioritises weight - Cyclingnews
97,Finland stocks higher at close of trade; OMX Helsinki 25 up 0.06% - Investing.com
98,Review: 2023 Orbea Oiz M-Pro - Don't Call it Downcountry - Pinkbike.com
99,Sweden stocks lower at close of trade; OMX Stockholm 30 down 0.52% - Investing.com
